Sample Name,Reservoir,Date,Date analyzed,Station,Depth,Rep,Dilution,a254,a350,Sr,Max Fl Ex ,Max Fl Em ,Max Fl ,B,T,A,C,M,N,FI,BIX,HIX,T/B,T/M,T/N,T/C,A/T,A/C,A/M,M/C,C/N
B29Apr19_01_R1.csv,BVR,4/29/2019,7/28/2020,1,0.1,1,1,,,,240,484,15.85787922,0.079601996,0.070172232,0.135645598,0.062788053,0.062323109,0.063014765,1.382938814,0.663007959,2.306118103,0.881538592,1.125942404,1.113583963,1.117604834,1.933038113,2.16037274,2.17648958,0.99259503,0.996402243
B29Apr19_20_R1.csv,BVR,4/29/2019,7/29/2020,20,0.1,1,1,,,,300,300,10.1005285,0.064425139,0.060811355,0.130748932,0.061752117,0.057102966,0.058030192,1.424482543,0.644513323,2.598217352,0.943907238,1.064942134,1.047926136,0.9847655,2.150074325,2.117319017,2.28970474,0.924712685,1.064137743
B29Apr19_30_R2.csv,BVR,4/29/2019,7/29/2020,30,0.1,2,1,,,,300,300,10.28711072,0.057783291,0.057936704,0.134385945,0.06457732,0.057287322,0.05427763,1.38805035,0.621849611,2.809203166,1.002654976,1.011335527,1.067414037,0.897167992,2.319530365,2.0810084,2.345823464,0.887112109,1.189759384
B29Apr19_45_R1.csv,BVR,4/29/2019,7/30/2020,45,0.1,1,1,,,,300,300,7.973405956,0.055913451,0.049199502,0.128354262,0.062030741,0.054648515,0.050509525,1.413137764,0.64707417,3.017423335,0.879922482,0.900289823,0.974063851,0.793147096,2.608852861,2.069204071,2.34872368,0.88099085,1.228099877
B29Apr19_50_R1.csv,BVR,4/29/2019,7/29/2020,50,0.1,1,1,,,,300,300,9.089046286,0.045063642,0.051971504,0.130026709,0.062403564,0.055409216,0.051614868,1.392154147,0.628622542,3.260264442,1.153291234,0.937957752,1.006909555,0.83282909,2.501884676,2.083642338,2.346662127,0.887917487,1.209023035
B29Apr19_100_R1.csv,BVR,4/29/2019,7/30/2020,100,0.1,1,1,,,,310,310,17.56685525,0.041706395,0.03487737,0.133338239,0.066879949,0.048169956,0.040068091,1.401882823,0.564924349,3.692916539,0.836259538,0.724048216,0.870452505,0.521492181,3.823058828,1.993695288,2.768078926,0.720245102,1.669157346
B29Apr19_200_R2.csv,BVR,4/29/2019,7/28/2020,200,0.1,2,1,,,,300,300,18.51981711,0.106561909,0.091690452,0.186698196,0.092076223,0.093078275,0.087152885,1.43925544,0.618391632,2.679375912,0.860443036,0.985089724,1.052064446,0.995810308,2.036179252,2.027648288,2.005819256,1.010882851,1.056490817
F29Apr19_01_R1.csv,FCR,4/29/2019,7/29/2020,1,0.1,1,1,,,,305,304,16.51520593,0.062290364,0.060785004,0.192973267,0.088843328,0.073816192,0.065788405,1.41407332,0.59990219,3.411140608,0.975833165,0.823464362,0.923947064,0.684181974,3.174685469,2.172062569,2.614240343,0.830858025,1.350440525
F29Apr19_20_R1.csv,FCR,4/29/2019,7/29/2020,20,0.1,1,1,,,,300,300,12.68419584,0.054691404,0.051613705,0.17301815,0.08125746,0.065448334,0.05686892,1.416960792,0.592625903,3.426091039,0.943726083,0.788617553,0.907590732,0.635187275,3.352174605,2.129258654,2.643583733,0.805443999,1.428855342
F29Apr19_30_R1.csv,FCR,4/29/2019,7/27/2020,30,0.1,1,1,,,,310,310,8.781063231,0.172646276,0.046228741,0.158757892,0.079704026,0.063486585,0.052956671,1.406473213,0.59493102,4.567538635,0.267765642,0.728165496,0.872954067,0.58000509,3.434181617,1.991842817,2.500652559,0.796529214,1.505080011
F29Apr19_45_R1.csv,FCR,4/29/2019,7/30/2020,45,0.1,1,1,,,,300,300,6.754202858,0.035403116,0.041661125,0.159255354,0.079222889,0.06275364,0.050783566,1.401139635,0.578123701,4.957561981,1.176764365,0.663883806,0.820366273,0.525872329,3.822636909,2.010218973,2.537786741,0.792115012,1.560010344
F29Apr19_50_R1.csv,FCR,4/29/2019,7/27/2020,50,0.1,1,1,,,,300,300,7.414924884,0.170823468,0.045064776,0.158052883,0.079179221,0.06274227,0.051750499,1.395623268,0.599307899,4.24271384,0.263809046,0.718252239,0.870808536,0.569149021,3.507237716,1.996140913,2.519081341,0.79240828,1.530018508
F29Apr19_99_R1.csv,FCR,4/29/2019,7/30/2020,99,0.1,1,1,,,,300,300,10.1052928,0.044628498,0.041192385,0.121851904,0.060454524,0.048901233,0.044378092,1.446473748,0.620116282,3.469205021,0.923006303,0.842358819,0.928214418,0.681378031,2.958117241,2.015596102,2.491796146,0.808892856,1.362260559
F29Apr19_100_R1.csv,FCR,4/29/2019,7/27/2020,100,0.1,1,1,,,,300,300,10.42622599,0.185359789,0.045476081,0.119998961,0.059969357,0.049002653,0.045391576,1.422609634,0.637593603,3.210889668,0.245339516,0.928033033,1.00186169,0.758321972,2.638726969,2.001004637,2.448825792,0.81712821,1.321156089
F29Apr19_101_R1.csv,FCR,4/29/2019,7/27/2020,101,0.1,1,1,,,,300,300,11.4025096,0.235269708,0.095724761,0.138875783,0.064226043,0.069180751,0.074945627,1.461828508,0.682650198,1.80157705,0.406872442,1.383690689,1.277256113,1.490435273,1.450782242,2.162297028,2.00743388,1.077144831,0.856968522
F29Apr19_102_R1.csv,FCR,4/29/2019,7/30/2020,102,0.1,1,1,,,,300,300,9.269405764,0.048907207,0.047639708,0.12276873,0.058838357,0.052286707,0.047074476,1.416037843,0.642892521,3.010547542,0.974083601,0.911124658,1.01200719,0.809670942,2.57702523,2.086542446,2.347991231,0.888650016,1.249899357
F29Apr19_200_R1.csv,FCR,4/29/2019,7/29/2020,200,0.1,1,1,,,,305,304,20.63360248,0.045034564,0.049225214,0.245624447,0.122082828,0.087196436,0.068081504,1.439933156,0.551489469,5.048493527,1.093054098,0.564532415,0.723033594,0.403211617,4.989809604,2.011949198,2.816909264,0.714239973,1.793186417
F20May19_0.1mR2.csv,FCR,5/20/2019,1/17/2020,50,0.1,1,1,,,,300,300,18.75750232,0.051462815,0.061738033,0.160945766,0.075668921,0.067161793,0.061537343,1.365825977,0.616941031,3.687472329,1.199662953,0.919243367,1.003261266,0.815896826,2.606914388,2.126973176,2.39638876,0.887574342,1.22964232
F20May19_5.0mR2.csv,FCR,5/20/2019,1/17/2020,50,5,2,1,,,,305,304,16.76310896,0.063436522,0.065978521,0.170057363,0.083290844,0.071610128,0.063594389,1.430521523,0.630853183,3.238124716,1.040071532,0.921357386,1.037489648,0.79214614,2.577465536,2.041729375,2.374766908,0.859759906,1.309720007
F20May19_9.0mR2.csv,FCR,5/20/2019,1/17/2020,50,9,2,1,,,,300,300,16.51694005,0.05891049,0.070449454,0.161100174,0.078350699,0.068742476,0.065900233,1.470501151,0.677825223,2.775884567,1.195872837,1.02483149,1.069031952,0.899155399,2.286748356,2.05614213,2.343531724,0.877369019,1.188929025
20190909_F27May19_0.1mR1.csv,FCR,5/27/2019,9/9/2019,50,0.1,1,1,,,,300,300,9.70535113,0.039218608,0.031156577,0.154484386,0.073380628,0.06248888,0.049655086,1.401159378,0.606625848,4.951573739,0.794433507,0.498593934,0.627459925,0.424588578,4.958323495,2.105247524,2.472190018,0.851571889,1.477806886
20190909_F27May19_5mR1.csv,FCR,5/27/2019,9/9/2019,50,5,1,1,,,,300,300,14.35232831,0.035176047,0.032293701,0.174058975,0.088536038,0.068758695,0.05121661,1.486579313,0.624429485,5.797929381,0.918059437,0.469667168,0.630531804,0.364752053,5.389873783,1.965967526,2.531446756,0.776618162,1.728658685
F27May19_9m_R1.csv,FCR,5/27/2019,3/23/2020,50,9,1,1,,,,300,300,16.24218123,0.096167999,0.088598913,0.175216075,0.085206346,0.078581906,0.080999235,1.526464514,0.681708628,2.728753564,0.921293094,1.127472189,1.093824075,1.039815903,1.977632331,2.056373548,2.229725453,0.922254148,1.051940128
20190909_F27May19_9mR2_50Dil.csv,FCR,5/27/2019,9/9/2019,50,9,2,2,,,,300,300,19.27707993,0.077986993,0.062169837,0.308353736,0.14705222,0.124940236,0.099310172,1.399547162,0.605927847,4.9742452,0.797182127,0.497596603,0.626016807,0.422773874,4.959860791,2.096899559,2.468009882,0.849631752,1.48073674
B30May19_01_R1.csv,BVR,5/30/2019,7/30/2020,1,0.1,1,1,,,,300,300,11.3479351,0.058873054,0.060467913,0.13573641,0.061360797,0.058808036,0.054561001,1.433061026,0.658716009,2.739536766,1.027089797,1.02822534,1.108262532,0.985448624,2.244767577,2.212103121,2.308126906,0.958397528,1.124627408
B30May19_20_R2.csv,BVR,5/30/2019,7/30/2020,20,0.1,2,1,,,,300,300,11.48236249,0.063105544,0.060369499,0.137032705,0.062190628,0.059047923,0.055985298,1.436954907,0.675478119,2.619764532,0.95664335,1.022381424,1.07830987,0.970716992,2.269899645,2.203430155,2.320703232,0.949466577,1.110838565
B30May19_30_R1.csv,BVR,5/30/2019,7/29/2020,30,0.1,1,1,,,,300,300,15.85507298,0.075301705,0.074548349,0.154090536,0.070166463,0.06560564,0.064325954,1.424666548,0.654846221,2.280357944,0.989995501,1.136310063,1.158915561,1.062449858,2.066987902,2.196071002,2.348739154,0.934999955,1.090795535
B30May19_45_R2.csv,BVR,5/30/2019,7/28/2020,45,0.1,2,1,,,,305,304,12.82532609,0.059195044,0.061458901,0.094713812,0.038305428,0.040351891,0.046084705,1.436644139,0.695918716,1.96645275,1.038244032,1.523073645,1.333607358,1.604443678,1.541091862,2.472595096,2.347196401,1.053424884,0.831196119
B30May19_50_R2.csv,BVR,5/30/2019,7/29/2020,50,0.1,2,1,,,,300,300,13.5553121,0.079582054,0.067623398,0.135595271,0.060645183,0.058708859,0.058388437,1.432455071,0.683459588,2.065714556,0.84973175,1.151843164,1.158164204,1.115066265,2.00515318,2.235878668,2.309621984,0.968071262,1.038650563
B30May19_100_R1.csv,BVR,5/30/2019,7/29/2020,100,0.1,1,1,,,,300,300,11.46079527,0.046253086,0.039477802,0.184490043,0.094804985,0.064580214,0.050415979,1.383363034,0.525752337,4.676239116,0.853517148,0.611298712,0.783041457,0.416410614,4.67326026,1.945995174,2.85675798,0.681190072,1.880455086
B30May19_200_R1.csv,BVR,5/30/2019,7/30/2020,200,0.1,1,1,,,,300,300,14.79465238,0.055275006,0.059720555,0.224525887,0.115047696,0.089154799,0.074168972,1.442645459,0.580060025,4.242944102,1.080426033,0.669852388,0.805195943,0.519093882,3.759608181,1.951589605,2.518382519,0.774937719,1.551156681
F30May19_01_R2.csv,FCR,5/30/2019,7/30/2020,1,0.1,2,1,,,,300,300,10.61521051,0.041871841,0.048496264,0.160544572,0.078603251,0.064596664,0.054887658,1.457009929,0.618506967,4.378914499,1.15820711,0.750754933,0.883554994,0.616975296,3.310452334,2.04246731,2.485338419,0.821806517,1.432075156
F30May19_20_R1.csv,FCR,5/30/2019,7/28/2020,20,0.1,1,1,,,,305,304,8.830485626,0.141020604,0.106122543,0.159451244,0.076038798,0.071124523,0.081087272,1.453592812,0.642837567,2.104228692,0.752532182,1.492066855,1.308744759,1.395636776,1.502520008,2.09697218,2.241860303,0.935371476,0.937740236
F30May19_30_R2.csv,FCR,5/30/2019,7/29/2020,30,0.1,2,1,,,,300,300,9.892657476,0.041054468,0.055470198,0.173045332,0.083848406,0.070130118,0.062759743,1.431432356,0.602308318,4.404051041,1.351136675,0.790961141,0.883849991,0.661553398,3.119609054,2.06378797,2.467489537,0.836391782,1.336022147
F30May19_45_R1.csv,FCR,5/30/2019,7/30/2020,45,0.1,1,1,,,,300,300,6.293860706,0.054689072,0.057305782,0.165977275,0.081448872,0.06736021,0.057363397,1.440188991,0.593244804,3.756395552,1.047847033,0.850736383,0.9989956,0.70357981,2.896344323,2.03780939,2.464025493,0.827024475,1.419875308
F30May19_50_R1.csv,FCR,5/30/2019,7/31/2020,50,0.1,1,1,,,,305,304,8.606591804,0.134769118,0.11141235,0.180566453,0.084196452,0.083385134,0.094384068,1.435095307,0.628283755,2.268591513,0.826690506,1.336117661,1.180414801,1.323242814,1.620704097,2.144585051,2.165451367,0.990363988,0.892062128
F30May19_99_R2.csv,FCR,5/30/2019,7/30/2020,99,0.1,2,1,,,,300,300,9.525353224,0.068545464,0.076494379,0.150459712,0.073568288,0.062167375,0.067130291,1.450081447,0.624087015,3.154110198,1.11596559,1.230458558,1.139491253,1.039773814,1.966938141,2.045170772,2.42023587,0.845029527,1.095903011
F30May19_100_R2.csv,FCR,5/30/2019,7/29/2020,100,0.1,2,1,,,,240,484,11.97411471,0.05639381,0.064566224,0.126286103,0.062692817,0.054669193,0.05974565,1.434773257,0.641638113,3.127668689,1.144916862,1.181034882,1.080684931,1.029882323,1.955915882,2.014363191,2.310004883,0.872016854,1.049328557
F30May19_101_R2.csv,FCR,5/30/2019,7/30/2020,101,0.1,2,1,,,,300,300,15.97877667,0.048330388,0.044605236,0.139345371,0.062711144,0.053693637,0.048870532,1.406609568,0.62755709,2.861239589,0.922923204,0.830735982,0.912722543,0.711280862,3.123968889,2.222019286,2.595193362,0.856205675,1.283209757
F30May19_102_R1.csv,FCR,5/30/2019,7/30/2020,102,0.1,1,1,,,,300,300,9.398356043,0.049644697,0.048358085,0.124641711,0.059576695,0.052995512,0.047674428,1.417669056,0.642892521,3.007230826,0.974083601,0.91249397,1.014340108,0.811694661,2.577474103,2.092121969,2.351929576,0.889534275,1.249657237
F30May19_200_R2.csv,FCR,5/30/2019,7/30/2020,200,0.1,2,1,,,,300,300,11.9312718,0.0978568,0.131357995,0.320933584,0.162495011,0.115127948,0.111744268,1.426673267,0.534144862,3.900593353,1.342349181,1.14097399,1.175523333,0.808381709,2.443197955,1.975036539,2.78762532,0.708501435,1.454168643
F3Jun19_0.1mR2.csv,FCR,6/3/2019,1/17/2020,50,0.1,2,2,,,,305,304,6.446236546,0.078911874,0.075555193,0.162960086,0.078258379,0.068494878,0.067476029,1.417570771,0.602834586,3.292267839,0.957462917,1.103077997,1.11973383,0.965458183,2.156835021,2.082334022,2.379157255,0.875240179,1.159795265
F3Jun19_5.0mR1.csv,FCR,6/3/2019,1/17/2020,50,5,1,1,,,,300,300,17.70951484,0.077628555,0.093130511,0.181188313,0.08941381,0.07571526,0.076533813,1.47903036,0.674200847,2.799385495,1.19969399,1.230009797,1.216854448,1.041567414,1.94553117,2.026401869,2.393022399,0.846796031,1.168291588
20200224_F3Jun19_INFR2.csv,FCR,6/3/2019,2/24/2020,100,0.1,2,1,,,,300,300,24.39557266,0.032314463,0.032468546,0.129774258,0.064892903,0.050647188,0.044484225,1.39633857,0.61765759,4.172037446,1.004768242,0.641073015,0.729888987,0.500340471,3.996922392,1.999822033,2.562319087,0.780473456,1.458784625
20200224_F3Jun19_WETR2_Dil.csv,FCR,6/3/2019,2/24/2020,200,0.1,2,2,,,,300,300,40.61379248,0.073475754,0.066055243,0.288473532,0.143686856,0.10299177,0.088388631,1.396258274,0.547513615,5.824907989,0.899007356,0.64136429,0.747327373,0.459716672,4.367155687,2.007654278,2.800937706,0.716779339,1.625625997
Na,Na,6/3/2019,Na,50,9,Na,Na,,,,Na,Na,Na,Na,Na,Na,Na,Na,Na,Na,Na,Na,Na,Na,Na,Na,Na,Na,Na,Na,Na
F6Jun19_Surf_R1.csv,FCR,6/6/2019,3/23/2020,50,0.1,1,1,,,,300,300,9.271936201,0.118283343,0.111349615,0.184898643,0.086160278,0.081478894,0.091147631,1.406978088,0.642058398,2.536927264,0.941380345,1.36660685,1.221640242,1.292354399,1.660523422,2.145984749,2.269282684,0.94566656,0.945282689
20200224_F6Jun19_0.1R2_Dil.csv,FCR,6/6/2019,2/24/2020,50,0.1,2,2,,,,305,304,22.4591969,0.082087223,0.086234744,0.19058165,0.088148606,0.080766198,0.073949676,1.399901487,0.65750439,2.72486104,1.05052578,1.067708348,1.166127418,0.978288232,2.210033233,2.162049503,2.359670933,0.916250429,1.192008019
20200224_F6Jun19_5R2.csv,FCR,6/6/2019,2/24/2020,50,5,2,1,,,,300,300,9.752189284,0.094502342,0.086813536,0.180500628,0.091869178,0.076163115,0.07986011,1.505630647,0.6491383,3.189595015,0.918638991,1.139837003,1.087070076,0.944969116,2.079176077,1.964757179,2.369921829,0.829038813,1.150376301
20200224_F6Jun19_9R1_Dil.csv,FCR,6/6/2019,2/24/2020,50,9,1,2,,,,310,310,13.16814435,0.083051381,0.0739271,0.169384255,0.084610713,0.074359923,0.073925129,1.548210836,0.702220864,2.839143854,0.890136914,0.99417935,1.000026658,0.873732153,2.291233591,2.001924458,2.277897123,0.878847617,1.14454602
20200124_F10Jun19_0.1R2_Dil.csv,FCR,6/10/2019,1/24/2020,50,0.1,2,2,,,,300,300,12.06491622,0.126221077,0.028280238,0.173937501,0.084737272,0.083066537,0.074208383,1.536314913,0.608367075,3.031030488,0.224053214,0.340452834,0.381092225,0.333740244,6.15049638,2.052668166,2.093953922,0.98028335,1.141882739
20200124_F10Jun19_5R2_Dil.csv,FCR,6/10/2019,1/24/2020,50,5,2,2,,,,300,300,17.83764944,0.076468502,0.00877561,0.193428956,0.099747969,0.081925952,0.060696322,1.517062928,0.603726321,5.446221741,0.114761108,0.107116363,0.144582237,0.087977832,22.0416537,1.939176895,2.361021772,0.821329527,1.643393961
20200124_F10Jun19_9R1_Dil.csv,FCR,6/10/2019,1/24/2020,50,9,1,2,,,,300,300,11.9543044,0.124776236,0.028020963,0.173163841,0.085011885,0.082916991,0.073867427,1.536314913,0.60696787,3.057719702,0.22456971,0.337939944,0.379341265,0.329612304,6.179796182,2.036936857,2.088399974,0.975357634,1.15087107
20200114F13Jun19_0.1R2.csv,FCR,6/13/2019,1/14/2020,50,0.1,2,1,,,,300,300,11.90656829,0.076327581,0.08376647,0.20779595,0.097516111,0.083346646,0.080950005,1.416952649,0.624577397,3.430744615,1.097460038,1.005037085,1.034792646,0.859001345,2.480657828,2.130888411,2.493153111,0.854696168,1.20464613
20190909_F13Jun19_5mR1.csv,FCR,6/13/2019,9/9/2019,50,5,1,1,,,,305,304,4.592585979,0.02686084,0.020163486,0.173300682,0.094509765,0.072019237,0.052958106,1.4998147,0.627947217,9.35611772,0.750664764,0.279973618,0.3807441,0.213348181,8.594777618,1.833680175,2.406310983,0.762029591,1.784613756
20190905_3DEEM_F13Jun19_9.0R1.csv,FCR,6/13/2019,9/9/2019,50,9,1,1,,,,300,300,12.64798685,0.034458947,0.048377092,0.16839758,0.087502677,0.071552138,0.059692047,1.521671528,0.671432572,4.801836667,1.403905122,0.67610966,0.810444505,0.552864134,3.480936413,1.924484896,2.353494736,0.817713703,1.465901756
20200131_F17Jun19_0.1R1_Dil.csv,FCR,6/17/2019,1/31/2020,50,0.1,1,2,,,,305,304,15.60000242,0.071730189,0.077706371,0.190512708,0.087680468,0.078836505,0.073902841,1.384460542,0.633905315,3.77892313,1.083314744,0.985664841,1.051466628,0.88624494,2.451699968,2.172806692,2.416554459,0.899134172,1.186428921
20200131_F17Jun19_5R2.csv,FCR,6/17/2019,1/31/2020,50,5,2,1,,,,300,300,9.994495206,0.026066094,0.029303695,0.097763988,0.049542227,0.042572972,0.035221486,1.532843766,0.677911584,3.843361632,1.124207406,0.688316885,0.831983499,0.591489269,3.336234119,1.973346681,2.296386278,0.859326978,1.406591028
20200131_F17Jun19_9R2.csv,FCR,6/17/2019,1/31/2020,50,9,2,1,,,,300,300,9.971508505,0.02597622,0.029202659,0.097422719,0.049511246,0.042477619,0.035140479,1.532843766,0.676352431,3.848783873,1.124207406,0.687483409,0.831026194,0.589818694,3.336090745,1.967688687,2.293507037,0.857938805,1.40895194
20200227_F17Jun19_INFR2.csv,FCR,6/17/2019,2/27/2020,100,0.1,2,1,,,,300,300,14.28350314,0.025943163,0.035104287,0.126909275,0.065851065,0.051293587,0.045310202,1.429654268,0.639584257,4.687339566,1.353122844,0.684379643,0.774754579,0.533086085,3.615207341,1.927216727,2.47417431,0.778933287,1.453338591
20200227_F17Jun19_WETR2_Dil.csv,FCR,6/17/2019,2/27/2020,200,0.1,2,2,,,,305,304,25.55120616,0.045836949,0.05756078,0.293541168,0.151721689,0.104089961,0.081809201,1.464342606,0.545747674,5.753420322,1.255772488,0.552990691,0.703597868,0.37938399,5.099673238,1.934734381,2.820071828,0.686058547,1.854579756
20200228_F20Jun19_SurfR2_Dil.csv,FCR,6/20/2019,2/28/2020,50,0.1,2,4,,,,300,300,14.79511542,0.240514694,0.289741439,0.218124659,0.088171627,0.107464529,0.160343083,1.395829559,0.691949992,1.332805982,1.204672505,2.696158822,1.807009281,3.286107437,0.752825208,2.473864515,2.029736325,1.21881078,0.549893549
20200228_F20Jun19_5R1.csv,FCR,6/20/2019,2/28/2020,50,5,1,1,,,,300,300,22.24215958,0.077964892,0.076916227,0.212190852,0.101320234,0.087380282,0.077485575,1.531013041,0.702701312,2.859358399,0.986549528,0.88024695,0.992652212,0.759139851,2.758726741,2.094259408,2.4283608,0.862416906,1.307601241
20200228_F20Jun19_9R2_Dil.csv,FCR,6/20/2019,2/28/2020,50,9,2,2,,,,300,300,20.37568637,0.218579894,0.158100403,0.242662854,0.106575367,0.168781714,0.143961977,1.511370633,0.693538122,1.89090877,0.723307165,0.936715239,1.098209446,1.483461021,1.534865495,2.276913135,1.437731899,1.583684091,0.740302192
20200131_F24Jun19_0.1R1_Dil.csv,FCR,6/24/2019,1/31/2020,50,0.1,1,2,,,,305,304,15.81702008,0.072728055,0.078425379,0.191830831,0.087918172,0.079355328,0.074415111,1.384460542,0.633905315,3.763189658,1.078337365,0.988281208,1.053890509,0.892026962,2.446029998,2.181924708,2.417365481,0.902604395,1.181455891
20200131_F24Jun19_5R1_Dil.csv,FCR,6/24/2019,1/31/2020,50,5,1,2,,,,300,300,12.96352852,0.166528768,0.183761625,0.228939736,0.10939376,0.108900416,0.13402981,1.572551748,0.732583028,1.781989991,1.103482766,1.687428132,1.371050406,1.679818161,1.245851716,2.092804339,2.102285234,0.995490196,0.816189775
20200131_F24Jun19_9R2_Dil.csv,FCR,6/24/2019,1/31/2020,50,9,2,2,,,,300,300,20.0812554,0.052372818,0.059013638,0.196719365,0.099637114,0.085559362,0.070849644,1.534609534,0.678692508,3.842473526,1.126798972,0.689739105,0.832941907,0.592285701,3.333456006,1.974358325,2.299214963,0.858709758,1.406317773
B27Jun19_01_R1.csv,BVR,6/27/2019,8/1/2020,1,0.1,1,1,,,,300,300,13.77004624,0.064064292,0.065050389,0.140857495,0.062815371,0.06225075,0.059789999,1.455755561,0.705069128,2.46919646,1.015392309,1.044973586,1.087981107,1.035580753,2.16535976,2.242404892,2.262743754,0.991011416,1.050599968
B27Jun19_20_R1.csv,BVR,6/27/2019,8/1/2020,20,0.1,1,1,,,,300,300,12.3318213,0.058694291,0.063173859,0.141958529,0.063395497,0.062697672,0.060345789,1.423456787,0.705974124,2.676547122,1.076320348,1.007594982,1.046864422,0.996503898,2.247108692,2.239252571,2.264175442,0.988992518,1.050537207
B27Jun19_30_R1.csv,BVR,6/27/2019,8/1/2020,30,0.1,1,1,,,,300,300,15.40578037,0.060432191,0.073897752,0.160818058,0.071835179,0.071078637,0.068844971,1.399609972,0.676263687,2.735654612,1.222821002,1.03966193,1.073393615,1.028712582,2.176223933,2.238708941,2.262537175,0.989468357,1.043433933
B27Jun19_45_R1.csv,BVR,6/27/2019,8/1/2020,45,0.1,1,1,,,,300,300,15.2892419,0.075658347,0.078057936,0.148758623,0.064180493,0.065827044,0.066027844,1.438044443,0.690554261,2.389813891,1.031716113,1.18580345,1.182197264,1.216225254,1.905746303,2.317816781,2.259840541,1.025655013,0.972021638
B27Jun19_50_R1.csv,BVR,6/27/2019,7/31/2020,50,0.1,1,1,,,,300,300,12.08545603,0.06034954,0.0642231,0.140448675,0.061812732,0.060818019,0.05844303,1.422583582,0.68157998,2.696941077,1.064185424,1.055988036,1.098900945,1.038994691,2.186887191,2.272164181,2.30932671,0.983907635,1.057657902
B27Jun19_100_R1.csv,BVR,6/27/2019,8/1/2020,100,0.1,1,1,,,,300,300,14.53618025,0.0311806,0.041037998,0.21127935,0.110353261,0.074925812,0.058747558,1.407336716,0.517801405,6.468760677,1.316138812,0.54771509,0.69854815,0.371878433,5.148383491,1.914572787,2.819847326,0.678963279,1.878431463
B27Jun19_200_R2.csv,BVR,6/27/2019,7/31/2020,200,0.1,2,1,,,,300,300,19.85167952,0.194148804,0.176511558,0.298261324,0.138353777,0.140530529,0.160673834,1.506016141,0.611282547,2.503688529,0.909156043,1.256037097,1.09857065,1.27579862,1.689755207,2.155787361,2.122395226,1.015733231,0.861084683
F27Jun19_01_R2.csv,FCR,6/27/2019,8/1/2020,1,0.1,2,1,,,,300,300,17.83599798,0.048007188,0.065285706,0.177547129,0.080643224,0.073132172,0.066560882,1.486927538,0.665754384,3.646276282,1.359915207,0.89270842,0.980841958,0.809562193,2.71954063,2.201637276,2.42775682,0.906860711,1.211570855
F27Jun19_20_R1.csv,FCR,6/27/2019,3/20/2020,20,0.1,1,1,,,,300,300,11.41713886,0.243794262,0.198363485,0.220566946,0.096466058,0.108282774,0.145358179,1.437868125,0.660776591,1.644347257,0.813651163,1.831902514,1.364653067,2.056303433,1.111933208,2.286472072,2.036953238,1.122496103,0.663643821
F27Jun19_30_R1.csv,FCR,6/27/2019,3/20/2020,30,0.1,1,1,,,,300,300,12.78145585,0.150441724,0.129088804,0.198454018,0.086951493,0.093037599,0.108661603,1.41463551,0.643348941,2.172286881,0.858065169,1.387490705,1.18798913,1.484607102,1.537344928,2.282353198,2.133051798,1.069994268,0.800204396
F27Jun19_45_R1.csv,FCR,6/27/2019,3/20/2020,45,0.1,1,1,,,,300,300,12.39181265,0.214804378,0.173761856,0.201967443,0.086177273,0.092081322,0.132502768,1.43423823,0.664486717,1.698133657,0.808930698,1.887047786,1.311382839,2.016330396,1.162323239,2.343627676,2.193359494,1.068510512,0.65038093
20200228_F27Jun19_SurfR2_Dil.csv,FCR,6/27/2019,2/28/2020,50,0.1,2,2,,,,300,300,12.19355111,0.098307881,0.100419151,0.199532797,0.090561676,0.084440285,0.084046415,1.431915035,0.650653233,3.203984842,1.021476095,1.189232738,1.194805879,1.108848192,1.986999442,2.203280738,2.363004787,0.932406379,1.077519797
F27Jun19_50_R2.csv,FCR,6/27/2019,7/28/2020,50,0.1,2,1,,,,300,300,9.603766486,0.112042847,0.115161417,0.188559146,0.084516576,0.083409151,0.091858282,1.465395037,0.653066206,2.53618318,1.027833722,1.380680833,1.253685725,1.362589717,1.637346531,2.231031546,2.260652973,0.98689696,0.920075728
20200228_F27Jun19_5R1_Dil.csv,FCR,6/27/2019,2/28/2020,50,5,1,2,,,,300,300,14.73061936,0.07794098,0.082908603,0.20919061,0.104730993,0.087467467,0.082900401,1.531417275,0.651162244,3.874912395,1.063735706,0.94787932,1.000098937,0.791633887,2.523147192,1.99740882,2.391639044,0.835163159,1.263335177
F27Jun19_5m_R1.csv,FCR,6/27/2019,7/28/2020,50,5,1,1,,,,305,304,15.46009093,0.238728667,0.192796068,0.241639706,0.112251018,0.122408316,0.154155236,1.553569696,0.692442573,1.919155315,0.807594958,1.575024265,1.250661823,1.717544046,1.253343535,2.152672727,1.974046481,1.090487356,0.728168705
F27Jun19_9m_R1.csv,FCR,6/27/2019,7/28/2020,50,9,1,1,,,,300,300,15.39706266,0.270837251,0.20257321,0.208858494,0.094045126,0.105962269,0.153201927,1.573259557,0.71993182,1.528216947,0.747951803,1.911748511,1.322262808,2.15400008,1.031027222,2.220832718,1.971064756,1.126717279,0.613863862
20200228_F27Jun19_9R2_Dil.csv,FCR,6/27/2019,2/28/2020,50,9,2,2,,,,300,300,17.62436221,0.205464756,0.154715212,0.230172592,0.111641959,0.115438016,0.130554135,1.560797157,0.70694224,2.093509384,0.753001219,1.3402449,1.185065575,1.385815989,1.487717917,2.061703276,1.993906351,1.034002061,0.855139199
F27Jun19_99_R2.csv,FCR,6/27/2019,8/1/2020,99,0.1,2,1,,,,300,300,9.0099358,0.02379435,0.034213667,0.132376946,0.070783981,0.051240495,0.04242094,1.401378042,0.566907941,5.521752058,1.437890344,0.667707573,0.806527785,0.483353243,3.869124809,1.870154024,2.583443934,0.723899597,1.668609441
F27Jun19_100_R2.csv,FCR,6/27/2019,3/20/2020,100,0.1,2,1,,,,305,306,13.59301285,0.025872211,0.033345019,0.134344322,0.069029107,0.050807708,0.042916779,1.434576011,0.612380737,5.295106467,1.288835314,0.656298437,0.776969282,0.483057371,4.028917223,1.946198163,2.644172075,0.736033098,1.608441
F27Jun19_101_R1.csv,FCR,6/27/2019,8/1/2020,101,0.1,1,1,,,,300,300,6.454239277,0.026594417,0.035979867,0.130939501,0.0676387,0.050820325,0.044460838,1.423598281,0.599873325,5.488852989,1.352910556,0.70798184,0.809248506,0.531942023,3.639243625,1.935866615,2.576518399,0.751349812,1.521309601
F27Jun19_102_R1.csv,FCR,6/27/2019,7/31/2020,102,0.1,1,1,,,,300,300,16.11869907,0.343289466,0.319320518,0.157873241,0.059461949,0.08210775,0.179741027,1.417233063,0.752541287,0.781097819,0.930178607,3.889042337,1.776558882,5.370165672,0.494403687,2.655029708,1.92275687,1.380845259,0.330820126
F27Jun19_200_R2.csv,FCR,6/27/2019,3/20/2020,200,0.1,2,1,,,,310,310,11.04973597,0.215034432,0.161074913,0.312870879,0.157946024,0.122331071,0.142563095,1.43268793,0.544460577,3.057663145,0.749065682,1.316713016,1.129850008,1.019809864,1.942393588,1.980872142,2.55757492,0.774511873,1.107902608
F1Jul19_0.1mR1_Dil.csv,FCR,7/1/2019,2/3/2020,50,0.1,1,4,,,,300,300,30.56000944,0.949490477,0.311236354,0.274138574,0.11363547,0.131233867,0.197593767,1.482700776,0.676951812,1.118448368,0.327793024,2.371616114,1.575132447,2.738901454,0.880805118,2.412438418,2.08893161,1.154867113,0.575096429
F1Jul19_5mR1.csv,FCR,7/1/2019,2/3/2020,50,5,1,1,,,,305,304,15.91440244,0.195556489,0.071652998,0.193166863,0.100101222,0.084343303,0.074774054,1.531360249,0.689372856,3.63812192,0.366405628,0.849539869,0.958260178,0.715805432,2.695865731,1.929715335,2.290245419,0.842580153,1.33871599
F1Jul19_9.0mR1.csv,FCR,7/1/2019,2/3/2020,50,9,1,1,,,,300,300,24.18741209,0.223856032,0.108407276,0.244877569,0.117924004,0.106823713,0.102168841,1.562346399,0.694208491,2.667634647,0.4842723,1.014824071,1.061060055,0.919297783,2.258866552,2.076571014,2.292352151,0.905869115,1.154207129
20190909_F03Jul19_0.1mR1_50Dil.csv,FCR,7/3/2019,9/9/2019,50,0.1,1,2,,,,300,300,17.38708348,0.097511594,0.056308718,0.20627015,0.095592377,0.088053205,0.07455183,1.509879524,0.643694886,3.455935861,0.577456643,0.63948516,0.755296253,0.589050296,3.663200975,2.15780962,2.342562661,0.921132081,1.282227099
20190930_F3Jul19_5m_R1FltDil.csv,FCR,7/3/2019,9/9/2019,50,5,1,2,,,,300,300,14.26477322,0.107781039,0.105257196,0.203677714,0.097644771,0.095437546,0.09450701,1.560270229,0.688425876,2.980592695,0.976583604,1.102890851,1.113750137,1.077960389,1.935047888,2.085904974,2.134146611,0.97739535,1.033201357
20190909_F03Jul19_5mR2_50Dil.csv,FCR,7/3/2019,9/9/2019,50,5,2,2,,,,300,300,17.6941472,0.079575699,0.046808695,0.203170169,0.104040711,0.086546605,0.07204181,1.517231597,0.640767556,4.010329956,0.588228514,0.540849582,0.649743459,0.449907487,4.34043652,1.952794889,2.347523277,0.831853259,1.444171251
20190909_F03Jul19_9mR1.csv,FCR,7/3/2019,9/9/2019,50,9,1,1,,,,300,300,19.94434511,0.032863056,0.037769438,0.195598577,0.099783977,0.082866729,0.064972471,1.522392049,0.676096882,5.13927492,1.149297814,0.45578531,0.58131448,0.378512054,5.178752639,1.960220298,2.360399378,0.830461284,1.535788555
F8Jul19_0.1mR2_Dil.csv,FCR,7/8/2019,2/3/2020,50,0.1,2,2,,,,300,300,16.31975452,0.364856199,0.128218762,0.228768287,0.1036986,0.096494443,0.102209782,1.518349584,0.637000443,2.685047227,0.351422732,1.328768355,1.254466648,1.23645606,1.784202895,2.206088481,2.370792346,0.930527925,1.014566299
F8Jul19_5mR1.csv,FCR,7/8/2019,2/3/2020,50,5,1,1,,,,300,300,24.90427609,0.211443968,0.094060442,0.219250362,0.110862962,0.093554831,0.089055182,1.544140232,0.689272884,3.091058335,0.444848074,1.005404429,1.056204027,0.848438833,2.330951861,1.977670077,2.343549326,0.843878153,1.244879402
F8Jul19_9.0mR1.csv,FCR,7/8/2019,2/3/2020,50,9,1,1,,,,300,300,26.21231708,0.20923773,0.085069011,0.221191199,0.106394361,0.097529213,0.090942698,1.534531019,0.720351014,2.7521575,0.406566306,0.872241339,0.935413323,0.799563152,2.600138359,2.078974821,2.267948164,0.916676516,1.169905492
20200227_F8Jul19_INFR2_Dil.csv,FCR,7/8/2019,2/27/2020,100,0.1,2,2,,,,300,300,8.84992739,0.062257074,0.087082034,0.153950957,0.078978093,0.061555353,0.065782129,1.417746462,0.58132561,3.509467552,1.398749233,1.414694724,1.323794698,1.10260999,1.767884257,1.949286843,2.501016532,0.779397824,1.200601038
20200227_F8Jul19_WETR1_Dil.csv,FCR,7/8/2019,2/27/2020,200,0.1,1,2,,,,325,324,11.01859368,0.043653929,0.055778484,0.294470006,0.15160243,0.105852538,0.082086074,1.425726591,0.522886143,6.54244655,1.277742606,0.526945176,0.679512149,0.367926056,5.279275868,1.94238315,2.78188895,0.698224546,1.846871506
20190909_F15Jul19_0.1mR1_50Dil.csv,FCR,7/15/2019,9/9/2019,50,0.1,1,2,,,,300,300,18.89472447,0.141819564,0.110114565,0.236071202,0.105092225,0.098491709,0.100048751,1.436326368,0.625283239,2.591135573,0.776441291,1.118008472,1.100609096,1.047789834,2.143868987,2.24632413,2.39686369,0.937193108,1.050410169
20190930_F15Jul19_5m_R1_Dil.csv,FCR,7/15/2019,9/30/2019,50,5,1,2,,,,300,300,25.60413276,0.125606023,0.117067984,0.211474078,0.100673506,0.095048157,0.099010965,1.514228816,0.70160177,2.432486335,0.932025239,1.231670209,1.182373923,1.162847983,1.806421121,2.100593157,2.22491508,0.944122846,1.016791482
20190909_F15Jul19_5mR2_50Dil.csv,FCR,7/15/2019,9/9/2019,50,5,2,2,,,,300,300,20.65233713,0.096963399,0.072410097,0.230899666,0.12087544,0.100673093,0.08657222,1.569832243,0.672483554,3.778380453,0.746777629,0.719259683,0.836412621,0.599047229,3.188777182,1.910228135,2.293558865,0.832866408,1.396238194
20190909_F15Jul19_9.0mR2.csv,FCR,7/15/2019,9/5/2019,50,9,2,1,,,,300,300,18.26475204,0.034053842,0.039503832,0.187897205,0.096407638,0.081339139,0.064769562,1.553213276,0.703841921,5.359799907,1.160040375,0.485668184,0.609913522,0.409758319,4.756429845,1.9489867,2.310046643,0.84370015,1.488471358
B18Jul19_01_R1.csv,BVR,7/18/2019,7/31/2020,1,0.1,1,1,,,,300,300,16.09687101,0.068509075,0.073724997,0.162861972,0.072850954,0.07187363,0.06771685,1.459153217,0.733196953,2.687712335,1.076134755,1.025758647,1.088724551,1.011997696,2.209046841,2.235550312,2.265948899,0.986584611,1.075817223
B18Jul19_20_R1.csv,BVR,7/18/2019,7/31/2020,20,0.1,1,1,,,,300,300,21.09333859,0.095295933,0.101641477,0.174388266,0.075549877,0.085436009,0.086162155,1.431255306,0.733157819,2.074957966,1.06658777,1.189679597,1.179653364,1.345355955,1.715719523,2.308253478,2.04115651,1.130855701,0.876833644
B18Jul19_30_R2.csv,BVR,7/18/2019,7/31/2020,30,0.1,2,1,,,,300,300,23.54170229,0.080449898,0.084018992,0.182461317,0.076574187,0.078407179,0.077729146,1.470865669,0.745183814,2.383014833,1.044364181,1.071572698,1.080920048,1.097223424,2.171667538,2.382804493,2.327099643,1.023937458,0.985141242
B18Jul19_45_R1.csv,BVR,7/18/2019,7/31/2020,45,0.1,1,1,,,,300,300,24.93516234,0.084436426,0.086018906,0.179148927,0.076566465,0.0783548,0.081703817,1.433211101,0.743237546,2.56446008,1.018741665,1.09781284,1.05281379,1.123454057,2.082669215,2.33978318,2.286381005,1.023356638,0.937122247
B18Jul19_Surf_R1.csv,BVR,7/18/2019,7/31/2020,50,0.1,1,1,,,,300,300,17.82193809,0.071754597,0.08141413,0.1628581,0.071684781,0.072334032,0.072948085,1.428689193,0.719037009,2.262748538,1.134619008,1.125530103,1.11605576,1.135724059,2.000366514,2.271864376,2.251472728,1.009057026,0.982682151
B18Jul19_200_R2.csv,BVR,7/18/2019,7/31/2020,200,0.1,2,1,,,,300,300,32.56383506,0.095062304,0.101698147,0.292025894,0.13820114,0.119353093,0.111753975,1.460981172,0.637419835,3.182316252,1.069805197,0.852078017,0.910018161,0.735870534,2.871496707,2.113049815,2.446739219,0.863618729,1.236655252
F18Jul19_01_R1.csv,FCR,7/18/2019,8/4/2020,1,0.1,1,1,,,,300,300,24.29579076,0.088227372,0.091551714,0.216705968,0.094307598,0.087762307,0.086153405,1.468955205,0.695313152,2.862439725,1.037679254,1.043178065,1.062659266,0.970777713,2.367033429,2.297863299,2.469237353,0.930596363,1.094647366
F18Jul19_20_R2.csv,FCR,7/18/2019,8/4/2020,20,0.1,2,1,,,,300,300,16.39365415,0.106613648,0.122558662,0.239390909,0.106231652,0.100881379,0.106542669,1.425508093,0.663299777,2.760457848,1.149558845,1.214878931,1.150324681,1.153692514,1.953276138,2.253480059,2.372994027,0.949635791,0.997080823
F18Jul19_30_R1.csv,FCR,7/18/2019,8/4/2020,30,0.1,1,1,,,,300,300,16.17231159,0.116578193,0.128353584,0.230179816,0.104331151,0.098390636,0.100580088,1.433416761,0.654891503,2.68827439,1.101008522,1.304530486,1.276133145,1.230251783,1.793325971,2.206242473,2.339448402,0.943060967,1.037294287
F18Jul19_45_R1.csv,FCR,7/18/2019,8/4/2020,45,0.1,1,1,,,,300,300,18.93492549,0.102010684,0.116950932,0.233093212,0.102026993,0.09934946,0.101846817,1.424887842,0.652750996,2.912989197,1.146457671,1.177167264,1.148302273,1.146274418,1.993085556,2.284622986,2.34619507,0.973756622,1.001769084
F18Jul19_Surf_R1.csv,FCR,7/18/2019,8/4/2020,50,0.1,1,1,,,,300,300,20.62092276,0.146428904,0.14918532,0.261784031,0.115144175,0.115478592,0.124730481,1.442576713,0.658281112,2.548631327,1.018824261,1.291887242,1.196061451,1.295639318,1.75475731,2.273532563,2.266948582,1.002904336,0.923143837
F18Jul19_99_R1.csv,FCR,7/18/2019,8/4/2020,99,0.1,1,1,,,,305,304,18.96872019,0.030670961,0.036706026,0.177436281,0.09023654,0.062816318,0.057956935,1.407591873,0.560833926,5.814209893,1.196768029,0.584339025,0.63333276,0.406775637,4.833982352,1.96634625,2.824684533,0.696129507,1.556958437
F18Jul19_100_R2.csv,FCR,7/18/2019,8/4/2020,100,0.1,2,1,,,,305,304,5.250235211,0.019420817,0.030933513,0.160936001,0.086604371,0.063716698,0.045824091,1.386932594,0.534469153,7.202109908,1.592801783,0.485485179,0.67504913,0.357181887,5.202642298,1.858289595,2.525805727,0.735721507,1.889931025
F18Jul19_101_R2.csv,FCR,7/18/2019,8/4/2020,101,0.1,2,1,,,,300,300,7.897616802,0.028386197,0.031753213,0.159466911,0.087918967,0.060226591,0.046032345,1.354932764,0.528688852,6.488657096,1.118614572,0.527229134,0.689802207,0.361164541,5.022071603,1.813794187,2.647782463,0.685023869,1.909938902
F18Jul19_102_R2.csv,FCR,7/18/2019,8/4/2020,102,0.1,2,1,,,,240,482,14.7100217,0.026911965,0.023097109,0.054796967,0.020644348,0.020751919,0.024361351,1.564275837,0.817326765,1.422952832,0.858246848,1.11301074,0.948104607,1.118810296,2.372459985,2.654332659,2.640573444,1.005210692,0.847422132
F18Jul19_200_R1.csv,FCR,7/18/2019,8/4/2020,200,0.1,1,1,,,,300,300,25.1821625,0.067376292,0.075861469,0.393148093,0.189489659,0.136528059,0.110038473,1.417583423,0.559010836,6.42378796,1.125937137,0.555647459,0.689408591,0.400346221,5.182447688,2.074773348,2.879613887,0.720504008,1.72203097
F22Jul19_0.1mR1_Dil.csv,FCR,7/22/2019,2/5/2020,50,0.1,1,2,,,,300,300,26.01131197,0.231247688,0.229240834,0.287605564,0.120692895,0.174855073,0.176180748,1.41520266,0.67317259,2.002640671,0.991321626,1.311033361,1.301168468,1.899373066,1.254600058,2.382953559,1.644822531,1.448760285,0.685051552
F22Jul19_5mR2.csv,FCR,7/22/2019,2/5/2020,50,5,2,1,,,,300,300,19.67771472,0.079778883,0.092272814,0.217523928,0.111620774,0.101591876,0.088390264,1.519128722,0.707175277,3.321345659,1.156606993,0.908269615,1.043925085,0.826663449,2.357399958,1.948776381,2.141154753,0.910152047,1.262817518
F22Jul19_9mR2_Dil.csv,FCR,7/22/2019,2/5/2020,50,9,2,2,,,,300,300,37.87220649,0.125882216,0.147097223,0.302061991,0.141546012,0.137172664,0.139600171,1.56596425,0.681761283,2.569845394,1.168530612,1.072350849,1.053703744,1.039218416,2.053485342,2.134019785,2.202056749,0.969102992,1.013938675
20200228_F22Jul19_INFR2_Dil.csv,FCR,7/22/2019,2/28/2020,100,0.1,2,2,,,,300,300,15.19388927,0.021205475,0.035889064,0.182106752,0.094355399,0.061945459,0.048006118,1.372558931,0.527681085,7.337928181,1.692443298,0.579365545,0.747593563,0.380360475,5.07415711,1.930008809,2.939791799,0.656512073,1.965486985
20200302_F22Jul19_WETR1_Dil.csv,FCR,7/22/2019,3/2/2020,200,0.1,1,2,,,,300,300,35.28864291,0.078898355,0.091378428,0.415984214,0.212017752,0.14970116,0.129216414,1.429980019,0.551256821,5.661228508,1.158179127,0.610405612,0.707173538,0.430994232,4.552324023,1.962025395,2.77876413,0.706078423,1.640795829
F29Jul19_SurfR2_Dil.csv,FCR,7/29/2019,2/12/2020,50,0.1,2,4,,,,300,300,36.00302516,0.415108018,0.14342749,0.255792937,0.107553614,0.112771859,0.12351304,1.395147734,0.679499456,2.082689318,0.345518476,1.271837588,1.161233576,1.333544118,1.783430342,2.378283043,2.268233745,1.048517618,0.870787521
F29Jul19_5mR1_ReDL.csv,FCR,7/29/2019,2/12/2020,50,5,1,2,,,,300,300,34.46122046,0.382880875,0.117543224,0.245673788,0.121907933,0.112167164,0.111117265,1.498432708,0.690563737,2.835930913,0.306996855,1.047929003,1.05783043,0.964196678,2.090071885,2.015240367,2.190246946,0.92009733,1.097110636
F29Jul19_9R2_Dil.csv,FCR,7/29/2019,2/12/2020,50,9,2,1,,,,300,300,109.4778188,1.012458939,0.327031873,0.684911105,0.291795343,0.28470724,0.327438521,1.478097705,0.677720056,2.112082933,0.323007541,1.148660192,0.998758092,1.120757684,2.09432524,2.347231105,2.405668032,0.975708649,0.891145433
F29Jul19_Inf_R1.csv,FCR,7/29/2019,7/27/2020,100,0.1,1,1,,,,300,300,30.73541432,0.181000534,0.04111291,0.174442739,0.088823804,0.06475495,0.05252743,1.366424892,0.570857374,4.396735694,0.227142482,0.634899886,0.78269412,0.462859153,4.243016048,1.963918813,2.693890405,0.72902699,1.690998472
F29Jul19_Wet_R1.csv,FCR,7/29/2019,7/27/2020,200,0.1,1,1,,,,300,300,26.76700206,0.197266805,0.066126734,0.325953354,0.164488145,0.115247762,0.094499684,1.421444702,0.556032262,4.892279831,0.335214706,0.573778899,0.69975614,0.402015198,4.929222033,1.981622172,2.828283591,0.700644793,1.740621109
F5Aug19_SurfR1_Dil.csv,FCR,8/5/2019,2/12/2020,50,0.1,1,2,,,,300,300,24.69217905,0.397197642,0.143537149,0.26280273,0.116530001,0.115501951,0.120733975,1.40836929,0.642019356,2.38160588,0.361374625,1.24272489,1.18887123,1.231761331,1.830903927,2.255236658,2.275309882,0.991177807,0.965179861
F5Aug19_5R1.csv,FCR,8/5/2019,2/12/2020,50,5,1,2,,,,300,300,22.29930648,0.200903717,0.08375958,0.185815828,0.094081549,0.085188626,0.087361531,1.545073441,0.768164142,2.600626683,0.416914037,0.983224918,0.958769599,0.890286993,2.218442703,1.975050683,2.181228144,0.905476435,1.076921944
F5Aug19_9R1_Dil.csv,FCR,8/5/2019,2/12/2020,50,9,1,4,,,,300,300,94.86988384,0.880719436,0.191034338,0.514045636,0.226391552,0.202579825,0.201239641,1.460360593,0.664896128,2.490885078,0.216907144,0.943007713,0.94928781,0.843822732,2.690854649,2.270604322,2.537496689,0.894820605,1.124984874
F5Aug19_Inf_R1.csv,FCR,8/5/2019,8/4/2020,100,0.1,1,1,,,,305,304,10.96423371,0.025786028,0.035951249,0.176901022,0.096260898,0.062510536,0.048173341,1.410936802,0.525080594,6.716995831,1.394214286,0.575123032,0.746289293,0.37347718,4.920580744,1.837724621,2.829939314,0.649386583,1.998219256
F5Aug19_Wet_R1.csv,FCR,8/5/2019,7/27/2020,200,0.1,1,1,,,,300,300,27.39938197,0.21373949,0.071997557,0.366704649,0.187759039,0.131521745,0.102315849,1.447102652,0.551826809,5.466885073,0.336847239,0.547419418,0.703679415,0.383457208,5.093292951,1.953059894,2.788167464,0.70048156,1.835092418
20200214_F12Aug19_0.1R1_Dil.csv,FCR,8/12/2019,2/14/2020,50,0.1,1,8,,,,300,300,519.2098131,1.599084095,1.43096773,3.594232326,1.626207763,1.500829919,1.388721791,1.389032578,0.603293942,3.285105583,0.894867089,0.953450962,1.030420736,0.87994152,2.511749392,2.210192577,2.394829875,0.922901706,1.171010474
20200214_F12Aug19_5R2_Dil.csv,FCR,8/12/2019,2/14/2020,50,5,2,4,,,,300,300,88.24610494,0.133644904,0.186950118,0.645355897,0.33896575,0.291410989,0.250768369,1.559084571,0.716277256,4.009824662,1.398857066,0.641534208,0.745509169,0.551530997,3.452021868,1.903897064,2.214590116,0.859706295,1.351708558
20200214_F12Aug19_9R1_Dil.csv,FCR,8/12/2019,2/14/2020,50,9,1,4,,,,305,304,89.48774519,0.106911845,0.172304685,0.678508537,0.322421809,0.279405706,0.216863037,1.550983498,0.71315077,3.7545938,1.611651962,0.61668277,0.794532289,0.534407661,3.93784149,2.104412662,2.428398999,0.866584389,1.486753177
20190930_F14Aug19_0.1m_Dil.csv,FCR,8/14/2019,9/30/2019,50,0.1,2,2,,,,300,300,29.61882741,0.155431767,0.144242649,0.284125688,0.118182641,0.1214143,0.12075929,1.397117883,0.656964493,2.654736849,0.928012674,1.188020266,1.1944642,1.220506222,1.969775858,2.404123691,2.340133638,1.027344615,0.978662934
20190930_F14Aug19_5m_R1_Dil.csv,FCR,8/14/2019,9/30/2019,50,5,1,2,,,,300,300,32.15841092,0.126066374,0.1023314,0.234153748,0.114633098,0.130586736,0.116325178,1.557464991,0.724125451,2.465925445,0.811726372,0.783627829,0.879701215,0.892686338,2.288190601,2.042636489,1.793089832,1.139171308,0.985453879
20190930_F14Aug19_9m_R2_Dil.csv,FCR,8/14/2019,9/30/2019,50,9,2,2,,,,300,300,30.59160991,0.084235884,0.073502802,0.217234348,0.10595833,0.14038474,0.100549748,1.575734143,0.718936677,3.170072204,0.872583015,0.523581136,0.73100931,0.693695362,2.955456701,2.050186605,1.547421375,1.324905186,1.053790108
20190930_F14Aug19_9m_R2_DilFlt.csv,FCR,8/14/2019,9/30/2019,50,9,2,2,,,,300,300,26.0124825,0.104769138,0.072652924,0.203514173,0.104678572,0.150597685,0.103483584,1.547510875,0.721443343,2.877846954,0.69345731,0.482430551,0.702071978,0.694057272,2.801183507,1.944181783,1.351376502,1.438667743,1.011547616
F19Aug19Surf_R1.csv,FCR,8/19/2019,3/20/2020,50,0.1,1,1,,,,300,300,26.49687698,0.197705726,0.206861066,0.31863379,0.131015471,0.133437959,0.1551512,1.442501516,0.652346664,2.068232157,1.046307915,1.550241537,1.333286927,1.578905642,1.540327504,2.432031787,2.387879677,1.01849009,0.844437369
20200214_F19Aug19_0.1R2_Dil.csv,FCR,8/19/2019,2/14/2020,50,0.1,2,16,,,,300,300,4632.043393,19.44434047,27.54259463,39.41806364,16.89822774,17.10132113,18.88502578,1.351854409,0.611179935,2.358323859,1.41648387,1.610553619,1.458435639,1.629910252,1.431167403,2.332674423,2.304971841,1.012018621,0.894795058
20200214_F19Aug19_5R1_Dil.csv,FCR,8/19/2019,2/14/2020,50,5,1,8,,,,300,300,226.0192475,0.738046189,0.735866317,2.2932319,1.239779718,1.040630441,0.965927106,1.64168162,0.703998394,7.410443796,0.997046428,0.707135106,0.761823861,0.59354602,3.116370252,1.84970916,2.203694808,0.839367209,1.28351271
F19Aug19_5mR2.csv,FCR,8/19/2019,3/20/2020,50,5,2,1,,,,300,300,21.81275517,0.061661005,0.073929011,0.197384983,0.102460715,0.093370356,0.087957611,1.621966849,0.7442317,3.426009152,1.198958899,0.791782464,0.840507262,0.721535181,2.66992594,1.926445495,2.11400054,0.911279566,1.16488743
F19Aug19_9mR1.csv,FCR,8/19/2019,3/20/2020,50,9,1,1,,,,300,300,18.94308116,0.058792541,0.066509215,0.183824272,0.094379722,0.085572532,0.07738827,1.585606118,0.733272597,3.41759995,1.131252609,0.777226213,0.859422425,0.704698145,2.76389177,1.947709403,2.148169134,0.906683451,1.219561072
20200214_F19Aug19_9R2_Dil.csv,FCR,8/19/2019,2/14/2020,50,9,2,4,,,,300,300,72.11602341,0.154856395,0.193035815,0.607467727,0.328640806,0.287109549,0.247010121,1.56923733,0.72069884,4.573440589,1.246547261,0.672342023,0.781489495,0.587376281,3.146917207,1.848424527,2.11580468,0.873627204,1.330475063
F19Aug19_Inf_R1.csv,FCR,8/19/2019,8/4/2020,100,0.1,1,1,,,,305,302,24.63866896,0.030654913,0.038096514,0.18126673,0.092125625,0.068251427,0.053189067,1.367293286,0.555092886,5.406647824,1.24275396,0.558179012,0.716247082,0.41352788,4.758092268,1.967603809,2.655867243,0.740851718,1.732040609
F19Aug19_Wet_R2.csv,FCR,8/19/2019,7/29/2020,200,0.1,2,1,,,,305,304,19.26014355,0.041227455,0.06573171,0.372386763,0.196925754,0.135095069,0.101876511,1.428281317,0.541721135,7.445639728,1.594367389,0.486558914,0.645209665,0.333789302,5.665252951,1.891000826,2.756479323,0.68602032,1.932984855
B22Aug19_01_R1.csv,BVR,8/22/2019,8/4/2020,1,0.1,1,1,,,,300,300,15.28224766,0.078348459,0.081683578,0.181058684,0.082636546,0.083034207,0.079173235,1.445024541,0.710008866,2.789811025,1.042567766,0.983734063,1.031706972,0.988467964,2.216586098,2.191024347,2.180531249,1.004812175,1.04374346
B22Aug19_20_R1.csv,BVR,8/22/2019,8/4/2020,20,0.1,1,1,,,,300,300,17.17197277,0.077104159,0.082402732,0.184014861,0.083643869,0.08315382,0.080021243,1.455140582,0.713281511,2.686162012,1.068719681,0.990967486,1.029760709,0.985161657,2.233116005,2.199980265,2.212945354,0.994141252,1.045270795
B22Aug19_30_R2.csv,BVR,8/22/2019,8/4/2020,30,0.1,2,1,,,,300,300,18.20104388,0.075660853,0.081719127,0.183238005,0.082135897,0.082019396,0.078341418,1.427777346,0.724405571,2.711414034,1.080071451,0.996339054,1.043115242,0.994925856,2.24229029,2.230912586,2.234081388,0.998581609,1.048435153
B22Aug19_45_R1.csv,BVR,8/22/2019,8/4/2020,45,0.1,1,1,,,,300,300,14.97988002,0.075554648,0.07987884,0.17996757,0.082414814,0.081112843,0.076666815,1.479204669,0.724915793,2.917005983,1.057232639,0.984786592,1.041895898,0.969229146,2.253006805,2.183679862,2.218730894,0.984202216,1.074973759
B22Aug19_50_R2.csv,BVR,8/22/2019,8/4/2020,50,0.1,2,1,,,,300,300,18.60261585,0.147797187,0.181348181,0.190535806,0.077691634,0.096373992,0.116323741,1.480726486,0.780437855,1.617908948,1.227006991,1.881712872,1.558995436,2.334204756,1.050662899,2.452462336,1.977045901,1.240468082,0.667891466
B22Aug19_100_R2.csv,BVR,8/22/2019,8/4/2020,100,0.1,2,1,,,,300,300,14.14035144,0.034766689,0.04428563,0.266302305,0.138163081,0.093242754,0.072864878,1.409090737,0.520198042,7.355144379,1.273794869,0.47494983,0.607777455,0.320531577,6.013289299,1.927449099,2.856010727,0.674874601,1.896154698
B22Aug19_200_R1.csv,BVR,8/22/2019,8/4/2020,200,0.1,1,1,,,,300,300,18.01771994,0.052295653,0.073635732,0.281546424,0.141903125,0.114875339,0.094438059,1.48930441,0.616783685,5.027382098,1.408066004,0.641005566,0.779725175,0.518915504,3.823502758,1.984074862,2.450886548,0.80953354,1.502605276
F22Aug19_01_R2.csv,FCR,8/22/2019,8/4/2020,1,0.1,2,1,,,,300,300,10.91326889,0.054551753,0.06555953,0.214360724,0.104591538,0.091391261,0.079813576,1.467025559,0.667896363,4.935541165,1.201785957,0.7173501,0.821408259,0.626814861,3.269711102,2.049503509,2.345527586,0.873792114,1.310447966
F22Aug19_20_R1.csv,FCR,8/22/2019,3/23/2020,20,0.1,1,1,,,,300,300,26.38858478,0.203374096,0.221472693,0.324575581,0.134892835,0.13451225,0.158839949,1.428720082,0.653961093,2.089983984,1.088991655,1.646487171,1.394313554,1.641841789,1.465533183,2.406173622,2.412981584,0.99717861,0.849237462
F22Aug19_30_R1.csv,FCR,8/22/2019,3/23/2020,30,0.1,1,1,,,,300,300,23.0855224,0.186822793,0.20897714,0.302997389,0.124505062,0.124354284,0.140950985,1.432362707,0.645082282,2.272588714,1.118584824,1.680498126,1.482622772,1.678463008,1.449906857,2.433615025,2.436565757,0.998788979,0.883321685
F22Aug19_45_R1.csv,FCR,8/22/2019,3/23/2020,45,0.1,1,1,,,,300,300,23.22820107,0.157806819,0.188906765,0.293574738,0.123963286,0.124001893,0.139817194,1.436977054,0.652218493,2.28880402,1.197076063,1.523418404,1.351098242,1.523892844,1.554072123,2.368239388,2.367502073,1.000311431,0.886609742
F22Aug19_0.1R1.csv,FCR,8/22/2019,1/14/2020,50,0.1,1,2,,,,300,300,27.32773212,0.184606062,0.186312964,0.292901074,0.123588789,0.123986371,0.141093705,1.422107709,0.633137826,2.355998916,1.009246186,1.502689066,1.320490976,1.507523186,1.572091748,2.369964762,2.362365082,1.003216979,0.875934107
F22Aug19_50_R2.csv,FCR,8/22/2019,8/4/2020,50,0.1,2,1,,,,300,300,21.51900335,0.18341669,0.194659475,0.286893452,0.122501763,0.121653858,0.140415909,1.42346552,0.624340961,2.290292525,1.061296414,1.600109344,1.386306419,1.589034067,1.473822177,2.341953648,2.358276637,0.993078425,0.87242083
F22Aug19_5.0R1.csv,FCR,8/22/2019,1/14/2020,50,5,2,2,,,,305,304,29.46151722,0.098764989,0.116310058,0.241711026,0.121028807,0.116230061,0.113773135,1.58387097,0.758101548,2.77771969,1.177644612,1.000688261,1.022298079,0.96101135,2.078161003,1.997136312,2.079591321,0.960350378,1.063773158
F22Aug19_5m_R2.csv,FCR,8/22/2019,3/23/2020,50,5,2,1,,,,300,300,29.85615553,0.067674795,0.089475676,0.259353228,0.120817956,0.102216648,0.103122344,1.507929781,0.70828482,2.436512669,1.322141824,0.875353266,0.867665268,0.740582601,2.898589189,2.14664472,2.537289515,0.846038542,1.171598235
F22Aug19_9m_R1.csv,FCR,8/22/2019,8/4/2020,50,9,1,1,,,,300,300,26.11312316,0.067525127,0.088972908,0.246923256,0.122962602,0.109213146,0.098558957,1.571489696,0.706795785,3.071643824,1.317626662,0.814672147,0.90273792,0.72357698,2.775263406,2.008116715,2.260929797,0.888181808,1.247604532
20190930_F22Aug19_9m_R2_Dil.csv,FCR,8/22/2019,9/30/2019,50,9,2,2,,,,300,300,36.76521909,0.086723802,0.086775881,0.248342489,0.120843363,0.10511714,0.106419315,1.524373601,0.709234169,2.972529781,1.000600524,0.825516002,0.815414772,0.718085621,2.861883806,2.055077609,2.362530878,0.869862751,1.135539758
F22Aug19_99_R1.csv,FCR,8/22/2019,8/4/2020,99,0.1,1,1,,,,300,300,10.86856743,0.045551618,0.050582052,0.178260298,0.096224036,0.063448541,0.056290506,1.399191872,0.542246102,5.500538328,1.110433706,0.797213799,0.898589412,0.52566962,3.524180802,1.852554783,2.809525565,0.659383494,1.709418573
F22Aug19_100_R1.csv,FCR,8/22/2019,3/23/2020,100,0.1,1,1,,,,300,300,26.13345761,0.038163473,0.039499201,0.178554218,0.092650742,0.063822097,0.052160759,1.364373569,0.544269224,6.046316611,1.035000166,0.61889538,0.757258936,0.426323632,4.520451395,1.927175257,2.797686485,0.68884604,1.776253716
F22Aug19_101_R2.csv,FCR,8/22/2019,8/4/2020,101,0.1,2,1,,,,300,300,10.65995934,0.018916916,0.03210442,0.186718467,0.097928058,0.062541067,0.045432461,1.362708087,0.496755941,8.509957116,1.697127582,0.513333422,0.706640568,0.327836788,5.815973856,1.906690188,2.985533762,0.638642983,2.155464529
F22Aug19_102_R1.csv,FCR,8/22/2019,8/4/2020,102,0.1,1,1,,,,300,300,18.23909452,0.038675916,0.039886006,0.061841295,0.024448775,0.026997326,0.032720831,1.548887005,0.879682086,1.386148069,1.031287948,1.47740577,1.218978992,1.631411211,1.55045094,2.529423044,2.290645165,1.104240449,0.747192972
F22Aug19_200_R2.csv,FCR,8/22/2019,3/23/2020,200,0.1,2,1,,,,300,300,23.66451818,0.03445301,0.062355338,0.388607218,0.199434347,0.138370593,0.100795208,1.437120507,0.550652463,6.871207494,1.80986618,0.450640099,0.618633953,0.312660978,6.232140349,1.948547095,2.808452347,0.69381526,1.978609412
F28Aug190_0.1R2.csv,FCR,8/28/2019,1/14/2020,50,0.1,2,2,,,,300,300,33.80710357,0.204161702,0.210612041,0.325579324,0.143925897,0.137051626,0.155322897,1.456022981,0.649624501,2.168159665,1.031594267,1.536735078,1.355962611,1.463336661,1.545872316,2.262131632,2.375596213,0.95223743,0.926623823
20191115_F28Agu19_3.8R1_Dil.csv,FCR,8/28/2019,11/15/2019,50,3.8,1,8,,,,300,300,21.04449524,0.158923848,1.177982898,0.404129187,0.156344213,0.276826007,0.551858467,1.519162136,1.052543188,0.716532701,7.412247513,4.255318752,2.134574296,7.534547509,0.343068807,2.584868222,1.459867126,1.77061883,0.283304909
F28Aug19_5.0R2.csv,FCR,8/28/2019,1/14/2020,50,5,2,2,,,,305,304,28.92378393,0.097409883,0.114714224,0.2418211,0.119002921,0.114255313,0.112212109,1.580228168,0.754618387,2.795820235,1.177644612,1.004016538,1.022298079,0.963961413,2.108030652,2.032060207,2.116497638,0.960105114,1.060517636
20191115_F28Aug19_9R1_Dil.csv,FCR,8/28/2019,11/15/2019,50,9,1,2,,,,300,300,19.13104481,0.169403407,0.129719747,0.297469167,0.1545671,0.132779916,0.134054193,1.546683085,0.634136266,3.151479719,0.765744615,0.976953075,0.967666466,0.839245526,2.293167958,1.924530949,2.240317489,0.859043845,1.153019511
F2Sep19_SurfR1_Dil.csv,FCR,9/2/2019,2/17/2020,50,0.1,1,2,,,,300,300,40.24043857,0.545096291,0.271542655,0.324234442,0.142913931,0.14628785,0.181234898,1.444207221,0.669084711,1.730495917,0.498155389,1.856221519,1.49829121,1.900043283,1.194046079,2.268739232,2.216414028,1.023608046,0.788556357
F2Sep19_5R1_Dil.csv,FCR,9/2/2019,2/17/2020,50,5,1,2,,,,300,300,21.31815352,0.436599893,0.13011114,0.231516887,0.118329426,0.120543329,0.113940412,1.578825722,0.709443363,2.162842746,0.298010013,1.079372373,1.141922673,1.099567066,1.779377903,1.956545339,1.92061135,1.018709662,1.038520259
20200221_F2Sep19_9R1_Dil.csv,FCR,9/2/2019,2/21/2020,50,9,1,4,,,,300,300,88.30404726,0.806575332,0.488624581,0.690265902,0.305655577,0.315654312,0.381256382,1.502419531,0.66075443,1.682698436,0.605801543,1.547973725,1.281616792,1.5986117,1.412671259,2.258312802,2.186777991,1.032712425,0.801706125
F2Sep19_Inf_R1.csv,FCR,9/2/2019,7/28/2020,100,0.1,1,1,,,,300,300,19.42058067,0.035209402,0.038670761,0.164588005,0.084944889,0.058071076,0.047418717,1.382555609,0.538985156,5.149790875,1.098307801,0.665921201,0.815516815,0.455245293,4.256135676,1.937585734,2.834250982,0.683632376,1.791378904
F2Sep19_Wet_R2.csv,FCR,9/2/2019,7/27/2020,200,0.1,2,1,,,,310,308,18.62182147,0.310431437,0.135689853,0.334965129,0.171031593,0.143959581,0.134298907,1.500214571,0.595377399,3.665599606,0.437100877,0.942555209,1.010357098,0.793361336,2.468608525,1.958498558,2.326799825,0.841713386,1.273514415
20191115_F11Sep19_0.1R1_Dil.csv,FCR,9/11/2019,11/15/2019,50,0.1,1,2,,,,305,304,19.09299427,0.139489387,0.156434716,0.274703357,0.127520618,0.128492542,0.130879088,1.487946655,0.692880956,2.849276476,1.121481131,1.217461443,1.195261352,1.226740573,1.756025544,2.154187783,2.137893393,1.007621704,0.974339137
F11Sep19_5.0R2.csv,FCR,9/11/2019,1/16/2020,50,5,2,2,,,,300,300,28.01690907,0.088485263,0.109091914,0.194188187,0.098093263,0.09046699,0.091790573,1.554078356,0.728018727,2.337183182,1.23288229,1.205875356,1.188487118,1.112124425,1.780041979,1.979628163,2.146508755,0.922254875,1.068663803
F11Sep19_9.0R2.csv,FCR,9/11/2019,1/14/2020,50,9,2,1,,,,300,300,13.57134287,0.055649449,0.067632931,0.158318448,0.086578615,0.07918815,0.072387412,1.63026576,0.768525607,3.321462368,1.215338736,0.854078947,0.934318963,0.781173638,2.340848538,1.828609168,1.999269454,0.914638677,1.196045178
20200302_F20Sep19_Surf_R1_Dil.csv,FCR,9/20/2019,3/2/2020,50,0.1,1,2,,,,300,300,46.21654111,0.249026171,0.274356185,0.332701312,0.143684943,0.153232191,0.183899725,1.481880169,0.748862852,2.040761727,1.101716274,1.79046049,1.491879255,1.909428909,1.212661974,2.315491829,2.171223352,1.06644571,0.781322231
F20Sep19_SurfR2_Dil.csv,FCR,9/20/2019,2/17/2020,50,0.1,2,2,,,,300,300,38.5162419,0.511275323,0.2689042,0.341183346,0.146946252,0.15430718,0.198312115,1.470447197,0.726925205,1.938246915,0.525947933,1.74265513,1.35596456,1.82994936,1.268791439,2.321824083,2.21106591,1.05009266,0.740984745
20200302_F20Sep19_5R1_Dil.csv,FCR,9/20/2019,3/2/2020,50,5,1,4,,,,305,304,71.09509961,0.181910105,0.132715302,0.26872803,0.129696935,0.126813235,0.124886924,1.510599167,0.682435842,2.021121349,0.729565313,1.046541418,1.062683728,1.023272468,2.024845854,2.071969015,2.11908505,0.977765859,1.038514922
F20Sep19_5R2_Dil.csv,FCR,9/20/2019,2/17/2020,50,5,2,4,,,,300,300,91.50912636,1.019124838,0.224941977,0.383957251,0.16728379,0.167481521,0.173295046,1.468959581,0.691779831,1.614287947,0.220720729,1.343085348,1.298028892,1.344672891,1.70691685,2.295244816,2.292535011,1.001182012,0.965312011
20200302_F20Sep19_9R1_Dil.csv,FCR,9/20/2019,3/2/2020,50,9,1,2,,,,305,304,21.86569007,0.07188288,0.068977055,0.151826398,0.083597645,0.077549515,0.082196697,1.668898428,0.794861833,3.380700542,0.959575557,0.889458234,0.839170641,0.825107628,2.201114538,1.816156396,1.957799451,0.927651908,1.017043853
F20Sep19_9R2_Dil.csv,FCR,9/20/2019,2/17/2020,50,9,2,2,,,,300,300,19.80287622,0.323458213,0.074200239,0.159346042,0.086567965,0.079918495,0.075724838,1.640626634,0.807811764,2.403944208,0.229396675,0.928448897,0.979866589,0.857132758,2.147513881,1.840704495,1.993856895,0.923187868,1.143191157
20200221_F27Sep19_0.1R1_Dil.csv,FCR,9/27/2019,2/21/2020,50,0.1,1,2,,,,300,300,31.50497384,0.23546596,0.297728012,0.320794118,0.137925579,0.173442712,0.215366441,1.481915373,0.734553227,1.725095121,1.264420607,1.716578395,1.38242528,2.158613474,1.077473749,2.325849353,1.84956816,1.257509404,0.640422798
20200221_F27Sep19_0.1R2_Dil.csv,FCR,9/27/2019,2/21/2020,50,0.1,2,2,,,,300,300,34.94310886,0.242587573,0.293059005,0.331851683,0.139051594,0.172303202,0.210862731,1.457492403,0.748371092,1.621081129,1.208054485,1.700833192,1.389809394,2.10755589,1.132371561,2.386536353,1.925975137,1.239131444,0.659441299
20200221_F27Sep19_5R1_Dil.csv,FCR,9/27/2019,2/21/2020,50,5,1,2,,,,300,300,50.82821168,0.15877564,0.140018893,0.26716184,0.123134046,0.124481709,0.12985715,1.525510616,0.723326005,2.041850096,0.881866343,1.124814997,1.078253243,1.137125738,1.90804136,2.16968294,2.146193536,1.010944681,0.948226926
20200221_F27Sep19_5R2_Dil.csv,FCR,9/27/2019,2/21/2020,50,5,2,2,,,,300,300,55.01577401,0.161500355,0.150883212,0.294566126,0.129934912,0.134438517,0.135823243,1.503104791,0.711852408,1.960576409,0.93425932,1.122321305,1.110879179,1.161221492,1.952278995,2.267028328,2.191084311,1.034660473,0.956647105
F29Sep19_9R1_Dil.csv,FCR,9/27/2019,2/17/2020,50,9,1,2,,,,300,300,38.99236423,0.363508029,0.102979255,0.203844124,0.098470832,0.099509336,0.10051116,1.573745149,0.837599605,1.936956569,0.283292931,1.034870283,1.024555432,1.045784354,1.979467848,2.070096505,2.048492452,1.010546318,0.979700478
20200221_F27Sep19_9R2.csv,FCR,9/27/2019,2/21/2020,50,9,2,1,,,,300,300,21.98997469,0.074548001,0.088795376,0.178220092,0.093026783,0.089300699,0.091190441,1.602643864,0.808351575,2.5687919,1.191116799,0.994341327,0.973735571,0.954514103,2.007087529,1.915793353,1.995730076,0.959946125,1.020137437
B04Oct19_20_R2.csv,BVR,10/4/2019,8/7/2020,20,0.1,2,1,,,,300,300,17.1649188,0.086982054,0.095658368,0.201149002,0.093143236,0.090529717,0.088433875,1.496668412,0.707919309,2.672730772,1.099748321,1.05665157,1.081693727,1.027002845,2.102785214,2.159566397,2.221911299,0.971940868,1.053252903
B04Oct19_30_R2.csv,BVR,10/4/2019,8/7/2020,30,0.1,2,1,,,,300,300,19.43148592,0.087638062,0.099424174,0.211008865,0.097974966,0.094414374,0.091934987,1.468251567,0.723255993,2.743998357,1.134486217,1.053061829,1.081461767,1.014791617,2.122309458,2.153701848,2.23492308,0.963658153,1.065698365
B04Oct19_100_R1.csv,BVR,10/4/2019,8/7/2020,100,0.1,1,1,,,,300,300,20.9752344,0.044609806,0.057891999,0.30713462,0.151506223,0.107163818,0.088262714,1.418737299,0.535502045,5.446976168,1.297741541,0.540219635,0.65590549,0.382109708,5.305303451,2.027207953,2.866029093,0.70732288,1.7165371
F04Oct19_01_R2.csv,FCR,10/4/2019,8/7/2020,1,0.1,2,1,,,,240,482,9.149515616,0.030655253,0.047346229,0.159600046,0.076968361,0.066769774,0.058740932,1.524535843,0.74047723,4.452079194,1.544473602,0.70909675,0.806017681,0.615138854,3.370913554,2.073579901,2.390303845,0.867496367,1.310302017
F04Oct19_20_R2.csv,FCR,10/4/2019,8/7/2020,20,0.1,2,1,,,,245,492,30.23266816,0.30319715,0.341036019,0.340516136,0.138608982,0.147148737,0.220962425,1.507848007,0.744273475,1.485059024,1.124799554,2.317627896,1.54341182,2.460417883,0.998475578,2.456667167,2.314094852,1.061610402,0.627296619
F04Oct19_45_R2.csv,FCR,10/4/2019,8/7/2020,45,0.1,2,1,,,,240,482,40.05926573,0.344306603,0.379951008,0.347395781,0.137285178,0.150306571,0.238179556,1.496617865,0.732185605,1.385603374,1.103525186,2.527840298,1.59522931,2.767603997,0.914317304,2.530468224,2.311248125,1.094849228,0.576393628
F4Oct19_0.1R2.csv,FCR,10/4/2019,1/16/2020,50,0.1,2,4,,,,300,300,44.05102139,0.340922579,0.396065436,0.32018063,0.124969845,0.14208462,0.223036373,1.458174742,0.762787963,1.29381641,1.161745981,2.787532076,1.775788542,3.169288039,0.80840336,2.5620631,2.253450297,1.136951236,0.560311502
F4Oct19_5.0R1.csv,FCR,10/4/2019,1/16/2020,50,5,1,2,,,,300,300,52.49303366,0.200837048,0.190542514,0.314647817,0.145784636,0.140756626,0.160102834,1.490633181,0.724166289,1.939673813,0.948741859,1.353701914,1.190125806,1.30701368,1.651326049,2.158305736,2.235403234,0.965510698,0.910568745
F4Oct19_9.0R1.csv,FCR,10/4/2019,1/16/2020,50,9,1,1,,,,305,304,6.779504043,0.05173506,0.059718453,0.147120277,0.083705401,0.074142365,0.069053883,1.688600482,0.802543823,3.755355566,1.15431301,0.805456537,0.864809484,0.713436076,2.463564771,1.757595983,1.98429435,0.88575366,1.212175152
F04Oct19_100_R2.csv,FCR,10/4/2019,8/7/2020,100,0.1,2,1,,,,300,300,20.65741692,0.154353591,0.180449388,0.219170065,0.108356425,0.079296468,0.124052852,1.459705164,0.55417955,2.43370306,1.169065047,2.275629582,1.454617001,1.665331686,1.21457915,2.022677144,2.763932243,0.731811407,0.873469839
F04Oct19_200_R2.csv,FCR,10/4/2019,8/7/2020,200,0.1,2,1,,,,300,300,24.93003033,0.06835191,0.091094822,0.472208006,0.229648844,0.170104454,0.135773955,1.472102469,0.580581118,6.157339103,1.33273264,0.535522847,0.670930016,0.396670064,5.183697574,2.056217649,2.775988483,0.740715483,1.691405723
F8Nov19_0.1R1.csv,FCR,11/8/2019,1/16/2020,50,0.1,1,2,,,,300,300,34.70973296,0.169411933,0.170889748,0.279140022,0.144651672,0.136953115,0.141058731,1.478576184,0.726362185,2.291813654,1.008723207,1.247797449,1.211479408,1.18138799,1.633450954,1.929739339,2.038215932,0.946778655,1.025471241
F8Nov19_5.0R2.csv,FCR,11/8/2019,1/16/2020,50,5,2,2,,,,305,304,29.71707882,0.160086748,0.166903203,0.287139835,0.139575859,0.132992473,0.134772644,1.521384089,0.731865267,2.191741739,1.042579754,1.254982327,1.238405641,1.195788471,1.720397392,2.057231368,2.159068322,0.952832917,1.035639389
F8Nov19_9.0R2.csv,FCR,11/8/2019,1/16/2020,50,9,2,2,,,,300,300,31.39769625,0.178926144,0.179926301,0.298190877,0.146638896,0.13854625,0.146545415,1.52240028,0.733655143,2.505924043,1.005589778,1.298673192,1.227785267,1.227002564,1.657294541,2.033504652,2.152283992,0.944812422,1.000637898
B30Mar20_01_R2.csv,BVR,3/30/2020,8/7/2020,1,0.1,2,1,,,,300,300,14.3364888,0.061085766,0.066400774,0.165522987,0.079658922,0.072473528,0.068617771,1.43134743,0.655802078,3.023973515,1.087008957,0.916207288,0.96769063,0.833563554,2.492787003,2.077896393,2.28390962,0.909797995,1.160908039
B30Mar20_20_R1.csv,BVR,3/30/2020,8/7/2020,20,0.1,1,1,,,,300,300,13.33609346,0.070790649,0.063345828,0.162725607,0.077835595,0.070813014,0.065468684,1.408841451,0.676211062,2.58008378,0.894833275,0.894550648,0.967574483,0.813841381,2.568844905,2.090632285,2.297961874,0.90977675,1.188898114
F19Mar20_30_R2.csv,FCR,3/30/2020,8/7/2020,30,0.1,2,1,,,,300,300,9.036064084,0.060590078,0.077115065,0.209768316,0.108599187,0.089970373,0.079392282,1.451720956,0.613427527,3.964231838,1.272734226,0.857116216,0.971316898,0.710088791,2.720198891,1.931582742,2.331526579,0.828462673,1.367880905
F19Mar20_45_R1.csv,FCR,3/30/2020,8/7/2020,45,0.1,1,1,,,,305,304,16.07762756,0.072564173,0.092524812,0.220837934,0.10612172,0.091950754,0.08591103,1.409885916,0.624027198,3.17569754,1.275075688,1.006243104,1.076984089,0.87187441,2.386796889,2.080987129,2.401697909,0.866464979,1.235251403
F19Mar20_200_R1.csv,FCR,3/30/2020,8/7/2020,200,0.1,1,1,,,,305,304,21.62380129,0.043668797,0.061235198,0.313121784,0.158293607,0.111585488,0.089810363,1.378968705,0.545549404,5.905185032,1.402264357,0.548773851,0.681827755,0.38684568,5.113428112,1.978107577,2.806115639,0.70492732,1.762531649
20190930_PonyLakeDil.csv,NA,NA,9/9/2019,NA,NA,NA,,,,,240,442,4.693241694,0.089023461,0.180907582,1.014670179,0.556292742,0.490487024,0.373073326,1.455335618,0.738318354,9.563936773,2.032133782,0.368832555,0.484911597,0.325202126,5.60877641,1.82398601,2.068699332,0.881706675,1.491108325
