Date,Station,Depth,Fmax1,Fmax2,Fmax3,Fmax4,BIX,HIX,T/B,A/C,M/C,ch4_umolL,co2_umolL,TN_ugL,TP_ugL,NH4_ugL,NO3NO2_ugL,SRP_ugL,DOC_mgL,DIC_mgL,DC_mgL,DN_mgL,temp,DO,chla,Flora_ugL,Flow_cms,Rain_Total_mm,ShortwaveRadiationUp_Average_W_m2
2019-01-21T05:00:00Z,50,0.1,NA,NA,NA,NA,NA,NA,NA,NA,NA,0.175385622,40.07000723,358,2.9,6,3,2,2.4,2.5,4.9,0.1,2.3,13.1,NA,NA,NA,0,658.5
2019-01-21T05:00:00Z,50,5,NA,NA,NA,NA,NA,NA,NA,NA,NA,0.1442075175,36.01714226,156,1.5,26,3,3,2.3,3.1,5.5,0.2,3,12.9,NA,NA,NA,NA,NA
2019-01-21T05:00:00Z,50,9,NA,NA,NA,NA,NA,NA,NA,NA,NA,0.170396019,23.16223107,142.5,8.1,1,3,1,2.1,3,5.1,0.1,3.4,12.83,NA,NA,NA,NA,NA
2019-01-21T05:00:00Z,100,0.1,NA,NA,NA,NA,NA,NA,NA,NA,NA,5.15407e-4,31.02105426,390,4.8,6,56,3,2.4,2.2,4.6,0.2,NA,NA,NA,NA,0.0800659096652113,NA,NA
2019-02-08T05:00:00Z,50,0.1,NA,NA,NA,NA,NA,NA,NA,NA,NA,NA,NA,329,4.5,7,3,3,1.5,2.7,4.1,0.1,4.885466666666667,10.327433333333333,0.9965222222222222,5.73125,NA,0.254,746.6
2019-02-08T05:00:00Z,50,5,NA,NA,NA,NA,NA,NA,NA,NA,NA,NA,NA,129,2.5,9,3,3,2.5,3.1,5.6,0.2,4.417670833333333,10.449258333333333,4.2332375,12.5988,NA,NA,NA
2019-02-08T05:00:00Z,50,9,NA,NA,NA,NA,NA,NA,NA,NA,NA,NA,NA,330,2.1,10,0,1,2,3.1,5.1,0.1,4.1864,10.31645,4.22625,10.617857142857144,NA,NA,NA
2019-02-08T05:00:00Z,100,0.1,NA,NA,NA,NA,NA,NA,NA,NA,NA,NA,NA,370,2.9,9,45,5,2.1,2.8,4.9,0.2,NA,NA,NA,NA,0.04239370324173002,NA,NA
2019-02-08T05:00:00Z,200,0.1,NA,NA,NA,NA,NA,NA,NA,NA,NA,NA,NA,363,13.5,5,43,2,1.8,3.8,5.6,0.1,NA,NA,NA,NA,0.03084576,NA,NA
2019-02-14T05:00:00Z,50,0.1,NA,NA,NA,NA,NA,NA,NA,NA,NA,0.2342821975,48.19095844,NA,NA,NA,NA,NA,NA,NA,NA,NA,NA,NA,NA,NA,NA,0,754.4
2019-02-14T05:00:00Z,50,5,NA,NA,NA,NA,NA,NA,NA,NA,NA,0.22704698350000002,44.017521099999996,NA,NA,NA,NA,NA,NA,NA,NA,NA,NA,NA,NA,NA,NA,NA,NA
2019-02-14T05:00:00Z,50,9,NA,NA,NA,NA,NA,NA,NA,NA,NA,0.239139156,76.45695563000001,NA,NA,NA,NA,NA,NA,NA,NA,NA,NA,NA,NA,NA,NA,NA,NA
2019-02-14T05:00:00Z,100,0.1,NA,NA,NA,NA,NA,NA,NA,NA,NA,5.14402e-4,40.38269529,NA,NA,NA,NA,NA,NA,NA,NA,NA,NA,NA,NA,NA,0.04578345572590278,NA,NA
2019-02-14T05:00:00Z,200,0.1,NA,NA,NA,NA,NA,NA,NA,NA,NA,0.996057403,78.00932505,NA,NA,NA,NA,NA,NA,NA,NA,NA,NA,NA,NA,NA,NA,NA,NA
2019-02-27T05:00:00Z,50,0.1,NA,NA,NA,NA,NA,NA,NA,NA,NA,NA,NA,NA,NA,NA,NA,NA,NA,NA,NA,NA,NA,NA,NA,3.01,NA,0,939
2019-02-27T05:00:00Z,50,5,NA,NA,NA,NA,NA,NA,NA,NA,NA,NA,NA,NA,NA,NA,NA,NA,NA,NA,NA,NA,NA,NA,NA,12.372,NA,NA,NA
2019-02-27T05:00:00Z,50,9,NA,NA,NA,NA,NA,NA,NA,NA,NA,NA,NA,NA,NA,NA,NA,NA,NA,NA,NA,NA,NA,NA,NA,10.19,NA,NA,NA
2019-03-18T05:00:00Z,50,0.1,NA,NA,NA,NA,NA,NA,NA,NA,NA,NA,NA,388,8.4,10,3,1,1.7,2.6,4.3,0.1,9,12.02,NA,4.288571428571428,NA,0,1158
2019-03-18T05:00:00Z,50,5,NA,NA,NA,NA,NA,NA,NA,NA,NA,NA,NA,374,2.7,10,29,7,2.4,3.1,5.5,0.2,7.9,11.99,NA,6.597,NA,NA,NA
2019-03-18T05:00:00Z,50,9,NA,NA,NA,NA,NA,NA,NA,NA,NA,NA,NA,350,6.8,12,38,10,1.9,3,4.9,0.2,5.7,11.56,NA,1.6395652173913045,NA,NA,NA
2019-03-18T05:00:00Z,100,0.1,NA,NA,NA,NA,NA,NA,NA,NA,NA,NA,NA,789,119.5,9,20,10,2.9,2.3,5.2,0.2,NA,NA,NA,NA,0.08415621712843786,NA,NA
2019-03-18T05:00:00Z,200,0.1,NA,NA,NA,NA,NA,NA,NA,NA,NA,NA,NA,189,16.2,10,74,5,1.6,3.4,5,0.1,NA,NA,NA,NA,NA,NA,NA
2019-04-01T05:00:00Z,50,0.1,NA,NA,NA,NA,NA,NA,NA,NA,NA,NA,NA,126,NA,9,4,1,1.9,2.8,4.7,0.1,10.8,11.12,NA,NA,NA,0,1023
2019-04-01T05:00:00Z,50,5,NA,NA,NA,NA,NA,NA,NA,NA,NA,NA,NA,360,6.9,NA,NA,NA,NA,NA,NA,NA,8.8,11.25,NA,10.780625,NA,NA,NA
2019-04-01T05:00:00Z,50,9,NA,NA,NA,NA,NA,NA,NA,NA,NA,NA,NA,180,5.4,44,37,7,1.9,3.4,5.3,0.2,6.7,9.23,NA,4.254,NA,NA,NA
2019-04-01T05:00:00Z,100,0.1,NA,NA,NA,NA,NA,NA,NA,NA,NA,NA,NA,373,6.5,5,3,3,2.5,1.9,4.3,0.15,NA,NA,NA,NA,0.07658495472154543,NA,NA
2019-04-01T05:00:00Z,200,0.1,NA,NA,NA,NA,NA,NA,NA,NA,NA,NA,NA,367,12.6,19,67,9,3.1,2.7,5.8,0.2,NA,NA,NA,NA,NA,NA,NA
2019-04-02T05:00:00Z,50,0.1,NA,NA,NA,NA,NA,NA,NA,NA,NA,0.257684475,23.68966493,NA,NA,NA,NA,NA,NA,NA,NA,NA,NA,NA,NA,NA,NA,0,894
2019-04-02T05:00:00Z,50,5,NA,NA,NA,NA,NA,NA,NA,NA,NA,0.2488027435,37.30841186,NA,NA,NA,NA,NA,NA,NA,NA,NA,NA,NA,NA,NA,NA,NA,NA
2019-04-02T05:00:00Z,50,9,NA,NA,NA,NA,NA,NA,NA,NA,NA,0.256360818,74.456722075,NA,NA,NA,NA,NA,NA,NA,NA,NA,NA,NA,NA,NA,NA,NA,NA
2019-04-02T05:00:00Z,100,0.1,NA,NA,NA,NA,NA,NA,NA,NA,NA,0.0018429885,22.915225900000003,NA,NA,NA,NA,NA,NA,NA,NA,NA,NA,NA,NA,NA,0.07642763375196336,NA,NA
2019-04-02T05:00:00Z,200,0.1,NA,NA,NA,NA,NA,NA,NA,NA,NA,2.666854057,69.12659513,NA,NA,NA,NA,NA,NA,NA,NA,NA,NA,NA,NA,NA,NA,NA,NA
2019-04-15T05:00:00Z,50,0.1,NA,NA,NA,NA,NA,NA,NA,NA,NA,NA,NA,199.5,12.3,9,9,3,4.9,2.8,7.7,0.3,NA,NA,NA,8.7075,NA,1.524,1277
2019-04-15T05:00:00Z,50,5,NA,NA,NA,NA,NA,NA,NA,NA,NA,NA,NA,367,8.9,23,40,11,2.6,2.9,5.5,0.2,NA,NA,NA,6.8566666666666665,NA,NA,NA
2019-04-15T05:00:00Z,50,9,NA,NA,NA,NA,NA,NA,NA,NA,NA,NA,NA,180,7.7,35,22,7,2.7,2.4,5.1,0.2,NA,NA,NA,4.3775,NA,NA,NA
2019-04-15T05:00:00Z,100,0.1,NA,NA,NA,NA,NA,NA,NA,NA,NA,NA,NA,421,14.6,6,26,5,2.3,2.3,4.6,0.1,NA,NA,NA,NA,0.14239037134383534,NA,NA
2019-04-15T05:00:00Z,200,0.1,NA,NA,NA,NA,NA,NA,NA,NA,NA,NA,NA,486,83.4,13,3,14,3.4,2.8,6.2,0.3,NA,NA,NA,NA,NA,NA,NA
2019-04-16T05:00:00Z,50,0.1,NA,NA,NA,NA,NA,NA,NA,NA,NA,0.5242460625,41.70393303,NA,NA,NA,NA,NA,NA,NA,NA,NA,NA,NA,NA,NA,NA,0,1015
2019-04-16T05:00:00Z,50,5,NA,NA,NA,NA,NA,NA,NA,NA,NA,0.1876114965,82.51341182499999,NA,NA,NA,NA,NA,NA,NA,NA,NA,NA,NA,NA,NA,NA,NA,NA
2019-04-16T05:00:00Z,50,9,NA,NA,NA,NA,NA,NA,NA,NA,NA,0.140719009,97.914689815,NA,NA,NA,NA,NA,NA,NA,NA,NA,NA,NA,NA,NA,NA,NA,NA
2019-04-16T05:00:00Z,100,0.1,NA,NA,NA,NA,NA,NA,NA,NA,NA,0.0175988915,28.438133739999998,NA,NA,NA,NA,NA,NA,NA,NA,NA,NA,NA,NA,NA,0.09825179532319067,NA,NA
2019-04-16T05:00:00Z,200,0.1,NA,NA,NA,NA,NA,NA,NA,NA,NA,0.9187602720000001,62.25674534,NA,NA,NA,NA,NA,NA,NA,NA,NA,NA,NA,NA,NA,NA,NA,NA
2019-04-22T05:00:00Z,50,0.1,NA,NA,NA,NA,NA,NA,NA,NA,NA,0.2850297805,35.72290179,165,6.9,14,6,4,5.8,1.5,7.2,0.3,NA,NA,NA,8.216666666666667,NA,0,1007
2019-04-22T05:00:00Z,50,5,NA,NA,NA,NA,NA,NA,NA,NA,NA,0.28279591550000005,51.489000055,198,10.3,9,3,4,3.1,2,5.2,0.15,NA,NA,NA,7.715714285714286,NA,NA,NA
2019-04-22T05:00:00Z,50,9,NA,NA,NA,NA,NA,NA,NA,NA,NA,0.10351964050000001,126.0692343,355.5,14.8,65,27,6,2.2,3.2,5.3,0.2,NA,NA,NA,4.375454545454546,NA,NA,NA
2019-04-22T05:00:00Z,100,0.1,NA,NA,NA,NA,NA,NA,NA,NA,NA,0.0044069999999999995,27.500067755,371,8.1,7,33,9,2.3,2.3,4.5,0.1,NA,NA,NA,NA,0.0908041840319965,NA,NA
2019-04-22T05:00:00Z,200,0.1,NA,NA,NA,NA,NA,NA,NA,NA,NA,1.8359067150000001,66.77579938,549,110.1,16,93,4,2.2,3.6,5.7,0.2,NA,NA,NA,NA,NA,NA,NA
2019-04-29T05:00:00Z,50,0.1,0.412071478,0.408787026,0.100339685,0.139146931,0.599307899,4.24271384,0.263809046,1.996140913,0.79240828,NA,NA,265.8,12.8,12,3,3,3.1,2.4,5.5,0.15,NA,NA,NA,3.63,NA,0,921
2019-04-29T05:00:00Z,50,5,NA,NA,NA,NA,NA,NA,NA,NA,NA,NA,NA,423,11.1,8,6,2,2,3,5,0.1,NA,NA,NA,8.212,NA,NA,NA
2019-04-29T05:00:00Z,50,9,NA,NA,NA,NA,NA,NA,NA,NA,NA,NA,NA,388,10.7,33,9,6,2.8,2.3,5,0.15,NA,NA,NA,4.4959999999999996,NA,NA,NA
2019-04-29T05:00:00Z,100,0.1,0.321256871,0.288681337,0.095804344,0.156801772,0.637593603,3.210889668,0.245339516,2.001004637,0.81712821,NA,NA,213,22,7,3,1,3,1.8,4.8,0.1,NA,NA,NA,NA,0.08776707044798479,NA,NA
2019-04-29T05:00:00Z,200,0.1,0.652252678,0.563834449,0.409033165,0.12949759,0.551489469,5.048493527,1.093054098,2.011949198,0.714239973,NA,NA,318,64.7,22,58,3,1.4,3.4,4.7,0.1,NA,NA,NA,NA,NA,NA,NA
2019-05-06T05:00:00Z,50,0.1,NA,NA,NA,NA,NA,NA,NA,NA,NA,0.7232016404999999,25.10442643,395,9.5,32,5,6,2.4,2.7,5.1,0.1,20.4,9.33,NA,4.26,NA,0,1158
2019-05-06T05:00:00Z,50,5,NA,NA,NA,NA,NA,NA,NA,NA,NA,0.069370663,99.68800325,355,2.6,4,3,3,1.7,3,4.7,0.1,10.1,8.02,NA,7.708333333333333,NA,NA,NA
2019-05-06T05:00:00Z,50,9,NA,NA,NA,NA,NA,NA,NA,NA,NA,0.0404151575,174.3613104,501,10.5,159,32,2,2.2,3.6,5.8,0.3,8.3,5.91,NA,4.7283333333333335,NA,NA,NA
2019-05-06T05:00:00Z,100,0.1,NA,NA,NA,NA,NA,NA,NA,NA,NA,0.0228027205,27.116845050000002,184.5,15.9,11,45,8,2.7,1.6,4.2,0.15,NA,NA,NA,NA,0.08070727399126201,NA,NA
2019-05-06T05:00:00Z,200,0.1,NA,NA,NA,NA,NA,NA,NA,NA,NA,2.2821585129999997,83.53375448,420,38,20,82,10,5.6,1.9,7.5,0.2,NA,NA,NA,NA,NA,NA,NA
2019-05-13T05:00:00Z,50,0.1,NA,NA,NA,NA,NA,NA,NA,NA,NA,0.694031443,29.90429038,168,7.2,6,3,4,1.9,3.3,5.1,0.1,21.1,9.33,NA,8.184999999999999,NA,2.286,1308
2019-05-13T05:00:00Z,50,5,NA,NA,NA,NA,NA,NA,NA,NA,NA,0.045875548,139.67918344999998,370,5.1,8,3,3,2.1,3.2,5.4,0.1,10.2,7.89,NA,8.49764705882353,NA,NA,NA
2019-05-13T05:00:00Z,50,9,NA,NA,NA,NA,NA,NA,NA,NA,NA,NaN,NaN,744,29.1,308,3,1,2.4,4.3,6.8,0.4,8.4,5.2,NA,7.68,NA,NA,NA
2019-05-13T05:00:00Z,100,0.1,NA,NA,NA,NA,NA,NA,NA,NA,NA,5.14546e-4,23.56686171,402,12.8,8,28,10,3.3,1.7,5,0.1,NA,NA,NA,NA,0.06040044873348934,NA,NA
2019-05-13T05:00:00Z,200,0.1,NA,NA,NA,NA,NA,NA,NA,NA,NA,3.2244026385,102.72054452,286.5,57.5,31,38,3,2.1,4.6,6.7,0.1,NA,NA,NA,NA,NA,NA,NA
2019-05-16T05:00:00Z,50,0.1,NA,NA,NA,NA,NA,NA,NA,NA,NA,0.449322554,13.623773995,225,8.4,NA,NA,NA,NA,NA,NA,NA,NA,NA,NA,3.74,NA,0,1116
2019-05-16T05:00:00Z,50,5,NA,NA,NA,NA,NA,NA,NA,NA,NA,0.1001551265,100.1809425,177,9.2,NA,NA,NA,NA,NA,NA,NA,NA,NA,NA,11.844,NA,NA,NA
2019-05-16T05:00:00Z,50,9,NA,NA,NA,NA,NA,NA,NA,NA,NA,0.2622205385,220.30197985,654,38.6,NA,NA,NA,NA,NA,NA,NA,NA,NA,NA,5.845555555555555,NA,NA,NA
2019-05-20T05:00:00Z,50,0.1,0.380854366,0.422255323,0.212690314,0.158447545,0.616941031,3.687472329,1.199662953,2.126973176,0.887574342,0.43566017749999997,10.287841444,118.5,4.8,11,3,0,2.6,3.1,5.7,0.1,22.9,9.54,NA,4.206,NA,0,1187
2019-05-20T05:00:00Z,50,5,0.397623166,0.459405013,0.110138404,0.218340199,0.630853183,3.238124716,1.040071532,2.041729375,0.859759906,0.161700142,82.83508537,379,3.8,11,3,2,2.2,3.2,5.4,0.1,10.8,9.25,NA,13.562307692307693,NA,NA,NA
2019-05-20T05:00:00Z,50,9,0.363599104,0.43781770800000003,0.153762475,0.203457178,0.677825223,2.775884567,1.195872837,2.05614213,0.877369019,0.13787811900000002,227.1639959,501,54,61,3,3,1.7,3.4,5.1,0.2,8.6,3.75,NA,8.496666666666666,NA,NA,NA
2019-05-20T05:00:00Z,100,0.1,NA,NA,NA,NA,NA,NA,NA,NA,NA,5.10158e-4,20.937373025,330,21.9,8,68,7,1.8,2.5,4.2,0.15,NA,NA,NA,NA,0.028773608716752885,NA,NA
2019-05-20T05:00:00Z,200,0.1,NA,NA,NA,NA,NA,NA,NA,NA,NA,3.3699046325,90.11698569500001,351,80,32,42,5,2.3,4.8,7,0.2,NA,NA,NA,NA,NA,NA,NA
2019-05-23T05:00:00Z,50,0.1,NA,NA,NA,NA,NA,NA,NA,NA,NA,0.557389132,10.546884115000001,357,5.9,NA,NA,NA,NA,NA,NA,NA,NA,NA,NA,NA,NA,0,1047
2019-05-23T05:00:00Z,50,5,NA,NA,NA,NA,NA,NA,NA,NA,NA,0.030674205,115.71392990000001,223.5,9.4,NA,NA,NA,NA,NA,NA,NA,NA,NA,NA,NA,NA,NA,NA
2019-05-23T05:00:00Z,50,9,NA,NA,NA,NA,NA,NA,NA,NA,NA,0.08965376450000001,206.85993525,380,3.6,NA,NA,NA,NA,NA,NA,NA,NA,NA,NA,NA,NA,NA,NA
2019-05-27T05:00:00Z,50,0.1,0.355620251,0.424565693,0.124432193,0.085983455,0.606625848,4.951573739,0.794433507,2.105247524,0.851571889,0.423215991,10.939937815,139.5,6,7,3,2,2.6,3.4,6.1,0.1,22.2666666666667,8.63,NA,4.566,NA,0.254,1102
2019-05-27T05:00:00Z,50,5,0.400756918,0.482724304,0.131285327,0.086748946,0.624429485,5.797929381,0.918059437,1.965967526,0.776618162,0.061453028,66.25638695,186,6.3,9,0,4,1.4,2.8,4.2,0.1,11.4,7.67,NA,13.840833333333334,NA,NA,NA
2019-05-27T05:00:00Z,50,9,0.5551048599999999,0.6645630815,0.192737411,0.20486375099999998,0.6438182375,3.851499382,0.8592376105,2.0766365535,0.88594295,0.326457493,246.3519414,213,9.8,23,3,2,2,3.5,5.5,0.1,8.7,2.21,NA,6.0458823529411765,NA,NA,NA
2019-05-27T05:00:00Z,100,0.1,NA,NA,NA,NA,NA,NA,NA,NA,NA,5.09715e-4,22.406809844999998,433.5,33.8,13,44,9,2.9,2,4.9,0.1,NA,NA,NA,NA,0.024787588764666347,NA,NA
2019-05-27T05:00:00Z,200,0.1,NA,NA,NA,NA,NA,NA,NA,NA,NA,4.31960142,100.110685865,553.5,150.6,32,3,4,2.6,4.7,7.4,0.2,NA,NA,NA,NA,NA,NA,NA
2019-05-30T05:00:00Z,50,0.1,0.410394876,0.505253198,0.076063188,0.29746765,0.628283755,2.268591513,0.826690506,2.144585051,0.990363988,0.42792744699999996,10.7634676305,242.8,6.9,14,3,2,4,2.3,6.2,0.15,NA,NA,NA,NA,NA,0,1162
2019-05-30T05:00:00Z,50,5,NA,NA,NA,NA,NA,NA,NA,NA,NA,0.1542191925,40.877121025,387,1.8,NA,NA,NA,NA,NA,NA,NA,NA,NA,NA,NA,NA,NA,NA
2019-05-30T05:00:00Z,50,9,NA,NA,NA,NA,NA,NA,NA,NA,NA,1.2855197005,235.90949365,385.5,22.9,NA,NA,NA,NA,NA,NA,NA,NA,NA,NA,NA,NA,NA,NA
2019-05-30T05:00:00Z,100,0.1,0.326720106,0.305441914,0.138416946,0.16154142,0.641638113,3.127668689,1.144916862,2.014363191,0.872016854,NA,NA,148.5,13.3,3,64,7,3.7,1.4,5.1,0.1,NA,NA,NA,NA,0.02066156380489048,NA,NA
2019-05-30T05:00:00Z,200,0.1,0.878359447,0.803972602,0.129630797,0.284350373,0.534144862,3.900593353,1.342349181,1.975036539,0.708501435,NA,NA,235.5,42.1,27,25,6,1.6,4,5.6,0.2,NA,NA,NA,NA,NA,NA,NA
2019-06-03T05:00:00Z,50,0.1,0.367760233,0.462805037,0.022433135,0.201792327,0.602834586,3.292267839,0.957462917,2.082334022,0.875240179,0.2554857905,12.039590135000001,321,13.7,0,0,6,3,3.2,6.2,0.15,23.703755555555556,8.904122222222222,1.0927333333333333,7.15,NA,0,969
2019-06-03T05:00:00Z,50,5,0.416256559,0.475283365,0.177720806,0.247827941,0.674200847,2.799385495,1.19969399,2.026401869,0.846796031,0.0543629845,111.30422834999999,166.5,3.9,10,8,4,3.8,1.9,5.6,0.1,10.308885714285715,4.858985714285715,6.621771428571429,12.904285714285715,NA,NA,NA
2019-06-03T05:00:00Z,50,9,0.361833681,0.44027105,0.180357196,0.164909207,0.679795058,3.613107845,1.016271738,1.99763924,0.872245348,0.8308346550000001,211.75518584999998,360,17.4,24,3,3,2.5,2.8,5.4,0.1,8.691575,0.1573875,2.7098875,3.2520000000000002,NA,NA,NA
2019-06-03T05:00:00Z,100,0.1,0.383002424,0.296912714,0.175665821,0.090504915,0.61765759,4.172037446,1.004768242,1.999822033,0.780473456,5.14125e-4,22.06266115,535.5,52.6,5,72,10,1.1,2.9,4.1,0.2,NA,NA,NA,NA,NaN,NA,NA
2019-06-03T05:00:00Z,200,0.1,0.893799332,0.594243856,0.384051093,0.140581358,0.547513615,5.824907989,0.899007356,2.007654278,0.716779339,2.659129197,79.958030385,354,57.3,28,42,7,NA,NA,NA,NA,NA,NA,NA,NA,NA,NA,NA
2019-06-06T05:00:00Z,50,0.1,0.4179970035,0.5379904525,0.04620772,0.271843463,0.649781394,2.6308941519999998,0.9959530625,2.1540171260000003,0.9309584945,0.233736106,12.998164119999998,213,9.9,NA,NA,NA,NA,NA,NA,NA,24.20073043478261,8.770776086956522,1.097686956521739,NA,NA,1.27,1205
2019-06-06T05:00:00Z,50,5,0.418155758,0.532769128,0.011545014,0.22045971,0.6491383,3.189595015,0.918638991,1.964757179,0.829038813,0.0646950785,45.85196784,376,6.2,NA,NA,NA,NA,NA,NA,NA,10.24723076923077,4.455265384615385,5.73035,NA,NA,NA,NA
2019-06-06T05:00:00Z,50,9,0.371315083,0.483083864,0.134246766,0.181059559,0.702220864,2.839143854,0.890136914,2.001924458,0.878847617,0.0978082815,223.03486355,147,2.5,NA,NA,NA,NA,NA,NA,NA,9.542913461538461,4.55325,1.7257384615384614,NA,NA,NA,NA
2019-06-10T05:00:00Z,50,0.1,0.439785646,0.471393966,0,0.125560714,0.608367075,3.031030488,0.224053214,2.052668166,0.98028335,0.06427039600000001,9.865036380500001,232.5,5.2,13,3,6,5,2.3,7.3,0.2,21.67316153846154,8.42255,2.469176923076923,11.36111111111111,NA,23.622,1218
2019-06-10T05:00:00Z,50,5,0.496550402,0.525670995,0,0.084371015,0.603726321,5.446221741,0.114761108,1.939176895,0.821329527,0.0748712225,138.09982235,211.5,7.2,25,4,4,2,2.9,4.9,0.2,10.019523076923077,5.949076923076923,2.6786923076923075,5.84,NA,NA,NA
2019-06-10T05:00:00Z,50,9,0.436954692,0.467070794,0,0.123470722,0.60696787,3.057719702,0.22456971,2.036936857,0.975357634,0.027002115,209.3920692,276,9.4,NA,NA,NA,1.7,3,4.7,0.1,9.867750000000001,5.858688461538462,1.522373076923077,5.112,NA,NA,NA
2019-06-10T05:00:00Z,100,0.1,NA,NA,NA,NA,NA,NA,NA,NA,NA,5.14125e-4,24.40906518,427,16.5,10,35,6,3.9,1.5,5.4,0.1,NA,NA,NA,NA,0.06300908445689102,NA,NA
2019-06-10T05:00:00Z,200,0.1,NA,NA,NA,NA,NA,NA,NA,NA,NA,2.5470509569999997,105.31151155,419,53.7,32,44,9,1.9,4.2,6.1,0.2,NA,NA,NA,NA,NA,NA,NA
2019-06-13T05:00:00Z,50,0.1,0.496957538,0.548101975,0.101123097,0.226326634,0.624577397,3.430744615,1.097460038,2.130888411,0.854696168,0.27929701100000004,9.9158919435,300,9.9,NA,NA,NA,NA,NA,NA,NA,21.615495652173912,9.031991304347827,1.7213434782608696,9.13,NA,1.016,1216
2019-06-13T05:00:00Z,50,5,0.399235445,0.527620241,0.024554476,0.05316049,0.627947217,9.35611772,0.750664764,1.833680175,0.762029591,0.084124018,150.77874235000002,282,9.9,NA,NA,NA,NA,NA,NA,NA,10.19185,6.55945,2.0167333333333333,8.13642857142857,NA,NA,NA
2019-06-13T05:00:00Z,50,9,0.386503504,0.463097803,0.136698439,0.13291203,0.671432572,4.801836667,1.403905122,1.924484896,0.817713703,0.0508236995,232.5572077,385,8.7,NA,NA,NA,NA,NA,NA,NA,10.11170625,6.6879375,1.40224375,4.851818181818182,NA,NA,NA
2019-06-17T05:00:00Z,50,0.1,0.45698206,0.515101111,0.070774675,0.210084307,0.633905315,3.77892313,1.083314744,2.172806692,0.899134172,0.267162221,12.10940746,250.5,9,4,3,3,2.8,2.9,5.7,0.15,23.415439141414144,6.976614646464647,0.9057189393939394,7.15,NA,2.54,1190
2019-06-17T05:00:00Z,50,5,0.203131466,0.289367122,0.118259126,0.070332771,0.677911584,3.843361632,1.124207406,1.973346681,0.859326978,0.124955332,194.66100235,421,6.9,18,3,6,1.2,3.2,4.4,0.1,10.413491666666667,7.247016666666667,1.2884,7.015000000000001,NA,NA,NA
2019-06-17T05:00:00Z,50,9,0.203049185,0.288226469,0.117408331,0.070097102,0.676352431,3.848783873,1.124207406,1.967688687,0.857938805,0.1358275195,254.0917307,180,6,27,3,1,1.7,3.7,5.4,0.1,10.34785,7.25051,1.1221999999999999,3.175,NA,NA,NA
2019-06-17T05:00:00Z,100,0.1,0.34623686,0.31172642,0.09372322,0.106268145,0.639584257,4.687339566,1.353122844,1.927216727,0.778933287,0.026522579,20.088165505,412,14.3,10,65,7,0.1,3.7,3.8,0.1,NA,NA,NA,NA,0.03844327003339179,NA,NA
2019-06-17T05:00:00Z,200,0.1,0.862756532,0.682849238,0.23699738,0.156239987,0.545747674,5.753420322,1.255772488,1.934734381,0.686058547,2.5767895000000003,86.07632465500001,412,48.5,31,52,8,2.4,4,6.5,0.15,NA,NA,NA,NA,NA,NA,NA
2019-06-20T05:00:00Z,50,0.1,NA,NA,NA,NA,NA,NA,NA,NA,NA,0.6145237619999999,14.861316774999999,424,5.9,16,7,5,NA,NA,NA,NA,24.81856805555556,5.905413194444444,1.9959465277777775,9.874,NA,0,1289
2019-06-20T05:00:00Z,50,5,0.521954707,0.488888373,0.337152038,0.238680734,0.702701312,2.859358399,0.986549528,2.094259408,0.862416906,0.0603491485,261.36088835,346,4.7,NA,NA,NA,NA,NA,NA,NA,10.600155555555556,6.316455555555556,1.0420888888888888,6.467777777777778,NA,NA,NA
2019-06-20T05:00:00Z,50,9,0.461438424,0.798908559,0.11528604,0.465029024,0.693538122,1.89090877,0.723307165,2.276913135,1.583684091,0.47579208949999996,143.15650614999998,286.5,9.6,NA,NA,NA,NA,NA,NA,NA,10.0931,3.8913666666666664,0.49598888888888887,1.835,NA,NA,NA
2019-06-24T05:00:00Z,50,0.1,0.460537063,0.517612248,0.073421452,0.211818522,0.633905315,3.763189658,1.078337365,2.181924708,0.902604395,0.4360613445,15.12141602,298.5,5.1,5,0,8,2.2,3.1,5.4,0.2,23.77884375,9.23856875,1.5449875,9.29,NA,16.51,1189
2019-06-24T05:00:00Z,50,5,0.413167619,0.665906178,0.165657913,0.53243265,0.732583028,1.781989991,1.103482766,2.092804339,0.995490196,0.161673798,147.51682505,261,9.6,NA,NA,NA,NA,NA,NA,NA,10.706944444444444,5.0329,0.8067,7.10375,NA,NA,NA
2019-06-24T05:00:00Z,50,9,0.408673389,0.581440464,0.239635052,0.140673207,0.678692508,3.842473526,1.126798972,1.974358325,0.858709758,0.35519226449999997,329.5654214,370.5,6.9,209,6,2,1.6,3.9,5.5,0.3,10.021928571428571,1.5368,0.4588285714285714,1.6288888888888888,NA,NA,NA
2019-06-24T05:00:00Z,100,0.1,NA,NA,NA,NA,NA,NA,NA,NA,NA,0.009083510999999999,23.734969825,364.5,21.4,NA,NA,NA,NA,NA,NA,NA,NA,NA,NA,NA,0.025658380394750598,NA,NA
2019-06-24T05:00:00Z,200,0.1,NA,NA,NA,NA,NA,NA,NA,NA,NA,3.2733440555,77.87871609499999,471,76,28,52,8,1.8,4.2,6,0.2,NA,NA,NA,NA,NA,NA,NA
2019-06-27T05:00:00Z,50,0.1,0.44108322850000004,0.5265295295,0.060850069500000006,0.284266923,0.6518597195,2.8700840110000003,1.0246549085,2.2171561420000003,0.9596516695,0.452516898,8.016069001,387,8.2,24,3,10,3.5,5.2,8.7,0.25,25.470576923076923,8.351223076923077,1.0279538461538462,NA,NA,0,1093
2019-06-27T05:00:00Z,50,5,0.484078013,0.662151792,0.08993949749999999,0.352269938,0.6718024085000001,2.897033855,0.9356653319999999,2.0750407735,0.9628252575,0.139434151,133.8927643,255,4.7,13,6,9,3.5,3.7,7.2,0.2,10.959185714285715,5.298821428571428,2.591207142857143,11.380666666666666,NA,NA,NA
2019-06-27T05:00:00Z,50,9,0.4431586515,0.6382579075,0.133779189,0.46322265399999996,0.71343703,1.8108631654999998,0.750476511,2.141267997,1.08035967,0.271357391,305.373963,0,NA,129,5,2,1.8,4.3,6.1,0.2,10.026744444444445,0.5752,0.5422888888888888,1.9942857142857142,NA,NA,NA
2019-06-27T05:00:00Z,100,0.1,0.389192562,0.300573086,0.157830048,0.08429716,0.612380737,5.295106467,1.288835314,1.946198163,0.736033098,NA,NA,217.5,16.2,10,100,9,2.9,2.9,5.8,0.3,NA,NA,NA,NA,0.022167136301028692,NA,NA
2019-06-27T05:00:00Z,200,0.1,0.860470127,0.811276069,0.004032982,0.431492238,0.544460577,3.057663145,0.749065682,1.980872142,0.774511873,NA,NA,181.5,34,27,48,6,1.9,4.2,6.2,0.2,NA,NA,NA,NA,NA,NA,NA
2019-07-01T05:00:00Z,50,0.1,NA,NA,NA,NA,NA,NA,NA,NA,NA,0.512979324,6.94561347,297,4.3,9,3,8,3.3,3.2,6.5,0.2,26.51525625,7.77975,1.90996875,NA,NA,0.508,985
2019-07-01T05:00:00Z,50,5,0.435677504,0.522237633,0.187211403,0.219374548,0.689372856,3.63812192,0.366405628,1.929715335,0.842580153,0.164973853,308.38872719999995,425,11.4,89,3,6,2.6,2.8,5.5,0.15,11.493226923076923,5.057803846153846,2.9941153846153847,NA,NA,NA,NA
2019-07-01T05:00:00Z,50,9,0.532398283,0.641947885,0.428422807,0.313963005,0.694208491,2.667634647,0.4842723,2.076571014,0.905869115,3.9923522445,459.90666350000004,645,17,421,3,4,5.1,3.4,8.5,0.6,10.03022074074074,0.5445288888888888,0.597165925925926,NA,NA,NA,NA
2019-07-01T05:00:00Z,100,0.1,NA,NA,NA,NA,NA,NA,NA,NA,NA,NA,NA,288,12.8,6,3,18,1.8,2.5,4.3,0.2,NA,NA,NA,NA,0.008970686089500123,NA,NA
2019-07-01T05:00:00Z,200,0.1,NA,NA,NA,NA,NA,NA,NA,NA,NA,NA,NA,237,42,NA,NA,NA,0.9,2,2.8,0.1,NA,NA,NA,NA,NA,NA,NA
2019-07-03T05:00:00Z,50,0.1,0.42491209,0.580705948,0.126460715,0.189967626,0.643694886,3.455935861,0.577456643,2.15780962,0.921132081,0.7488824845,6.0978774985,363,10.2,NA,NA,NA,NA,NA,NA,NA,26.055616666666666,7.32965,2.287166666666667,15.082222222222223,NA,0,1079
2019-07-03T05:00:00Z,50,5,0.4260130025,0.6017282375,0.1230886315,0.2136650495,0.664596716,3.4954613255,0.7824060589999999,2.0193499315,0.9046243045,0.24309347,159.5192337,238.5,9,NA,NA,NA,NA,NA,NA,NA,11.496125,4.6825833333333335,3.226941666666667,18.376153846153848,NA,NA,NA
2019-07-03T05:00:00Z,50,9,0.407933773,0.548140721,0.303772192,0.085396684,0.676096882,5.13927492,1.149297814,1.960220298,0.830461284,0.29705570800000003,347.01918320000004,363,4,NA,NA,NA,NA,NA,NA,NA,10.032452631578947,0.16182105263157895,0.638,2.04,NA,NA,NA
2019-07-08T05:00:00Z,50,0.1,0.534986668,0.589818297,0.098991827,0.38944859,0.637000443,2.685047227,0.351422732,2.206088481,0.930527925,1.268413415,3.971985612,490,6.8,10,3,6,NA,NA,NA,NA,28.07731875,7.61708125,2.078526041666667,NA,NA,11.176,1174
2019-07-08T05:00:00Z,50,5,0.49592099,0.555500844,0.260149942,0.302602134,0.689272884,3.091058335,0.444848074,1.977670077,0.843878153,0.3005580795,288.08575129999997,288,8.6,20,3,1,2.5,3.7,6.2,0.2,11.405677777777777,4.064327777777778,2.0101666666666667,NA,NA,NA,NA
2019-07-08T05:00:00Z,50,9,0.44666925,0.551979766,0.507630492,0.286341844,0.720351014,2.7521575,0.406566306,2.078974821,0.916676516,0.8198772245,400.03172195,523.5,14.2,NA,NA,NA,1.6,4.6,6.2,0.5,10.10239375,0.407846875,0.849703125,NA,NA,NA,NA
2019-07-08T05:00:00Z,100,0.1,0.466755952,0.352454943,0.064295026,0.213192012,0.58132561,3.509467552,1.398749233,1.949286843,0.779397824,0.0298581905,24.15181714,273,12.2,10,3,15,0.9,3.1,3.9,0.2,NA,NA,NA,NA,0.008818340509150603,NA,NA
2019-07-08T05:00:00Z,200,0.1,0.860319278,0.725603298,0.145837234,0.134184689,0.522886143,6.54244655,1.277742606,1.94238315,0.698224546,1.301892288,75.699411465,196.5,35.4,19,46,4,1.9,5.3,7.2,0.1,NA,NA,NA,NA,NA,NA,NA
2019-07-11T05:00:00Z,50,0.1,NA,NA,NA,NA,NA,NA,NA,NA,NA,0.755181799,9.074787179000001,NA,NA,NA,NA,NA,NA,NA,NA,NA,NA,NA,NA,12.13,NA,8.128,1152
2019-07-11T05:00:00Z,50,5,NA,NA,NA,NA,NA,NA,NA,NA,NA,0.11900646200000001,224.69146495,367.5,13.7,NA,NA,NA,NA,NA,NA,NA,NA,NA,NA,18.3375,NA,NA,NA
2019-07-11T05:00:00Z,50,9,NA,NA,NA,NA,NA,NA,NA,NA,NA,0.0247202595,327.8462565,280.5,9.3,NA,NA,NA,1.2,3.7,4.9,0.2,NA,NA,NA,5.965714285714285,NA,NA,NA
2019-07-15T05:00:00Z,50,0.1,0.489844735,0.655663879,0.124629195,0.303575198,0.625283239,2.591135573,0.776441291,2.24632413,0.937193108,0.8012455205,4.3400742195,367.5,7.2,NA,NA,NA,3.6,3.5,7,0.25,27.839714285714287,8.3053,4.382592857142857,NA,NA,1.778,1065
2019-07-15T05:00:00Z,50,5,0.4746498855,0.625657243,0.23997174100000002,0.25563293750000005,0.6870426620000001,3.1054333940000003,0.839401434,2.005410646,0.888494627,0.2004374065,184.3387903,408,10.7,22,3,6,4.8,2.8,7.6,0.2,11.052375,5.1364833333333335,2.3982083333333333,NA,NA,NA,NA
2019-07-15T05:00:00Z,50,9,0.392047428,0.545699816,0.233851772,0.107764239,0.703841921,5.359799907,1.160040375,1.9489867,0.84370015,0.054825966500000003,367.2247473,564,18.4,147,6,7,2.5,4.5,7,0.3,10.98806923076923,5.178761538461538,1.825176923076923,NA,NA,NA,NA
2019-07-15T05:00:00Z,100,0.1,NA,NA,NA,NA,NA,NA,NA,NA,NA,0.016149463,28.73730942,426,24,11,3,13,3.3,2.5,5.8,0.3,NA,NA,NA,NA,0.007335661152263026,NA,NA
2019-07-15T05:00:00Z,200,0.1,NA,NA,NA,NA,NA,NA,NA,NA,NA,1.0742275465,56.081762850000004,243,43.2,27,50,10,1.9,4.4,6.3,0.2,NA,NA,NA,NA,NA,NA,NA
2019-07-18T05:00:00Z,50,0.1,0.561178623,0.70964911,0.286224172,0.387115967,0.658281112,2.548631327,1.018824261,2.273532563,1.002904336,0.9347233875000001,2.4677337345000003,361.5,10.1,17,5,5,4.4,3.4,7.8,0.3,27.66848947368421,8.733694736842105,7.690778947368421,32.922,NA,7.366,1196
2019-07-18T05:00:00Z,50,5,NA,NA,NA,NA,NA,NA,NA,NA,NA,0.12685642800000002,210.14855899999998,510,18.3,15,4,1,NA,NA,NA,NA,11.210111764705882,5.434135294117647,2.696370588235294,20.84307692307692,NA,NA,NA
2019-07-18T05:00:00Z,50,9,NA,NA,NA,NA,NA,NA,NA,NA,NA,0.0120818075,421.54229250000003,439.5,13.9,152,6,3,2.8,4.7,7.6,0.3,11.140538888888889,5.512088888888889,1.4717666666666667,8.793076923076923,NA,NA,NA
2019-07-18T05:00:00Z,100,0.1,0.490857799,0.384455361,0.038495214,0.097301975,0.534469153,7.202109908,1.592801783,1.858289595,0.735721507,NA,NA,229.5,16.4,6,3,13,4.2,2.1,6.3,0.2,NA,NA,NA,NA,0.0076660461623060975,NA,NA
2019-07-18T05:00:00Z,200,0.1,1.130275022,0.846619415,0.670135103,0.162041497,0.559010836,6.42378796,1.125937137,2.074773348,0.720504008,NA,NA,NA,NA,21,46,13,1.6,4.6,6.1,0.1,NA,NA,NA,NA,NA,NA,NA
2019-07-22T05:00:00Z,50,0.1,0.568522833,0.862569827,0.134387891,0.613722317,0.67317259,2.002640671,0.991321626,2.382953559,1.448760285,NA,NA,372,10.1,7,4,10,5.5,3.3,8.8,0.5,27.424,8.523753846153847,13.225315384615385,47.752,NA,0.508,910
2019-07-22T05:00:00Z,50,5,0.469648314,0.592215671,0.321212409,0.241189944,0.707175277,3.321345659,1.156606993,1.948776381,0.910152047,NA,NA,388.5,14.6,67,3,5,1.9,3.8,5.7,0.2,11.3468,4.7786333333333335,2.032,19.473333333333333,NA,NA,NA
2019-07-22T05:00:00Z,50,9,0.66158668,0.750528921,0.845874358,0.305217279,0.681761283,2.569845394,1.168530612,2.134019785,0.969102992,NA,NA,686,45,340,3,6,3.5,3.5,6.9,0.4,10.930111111111112,0.009044444444444445,1.150388888888889,7.547777777777778,NA,NA,NA
2019-07-22T05:00:00Z,100,0.1,0.582387149,0.367232604,0.136698302,0.119775059,0.527681085,7.337928181,1.692443298,1.930008809,0.656512073,NA,NA,456,14.7,14,3,14,3.7,2.2,6,0.2,NA,NA,NA,NA,0.009046642657352354,NA,NA
2019-07-22T05:00:00Z,200,0.1,1.18789405,1.014954474,0.467890822,0.189084552,0.551256821,5.661228508,1.158179127,1.962025395,0.706078423,NA,NA,240,43.6,38,51,4,3.1,5.2,8.3,0.2,NA,NA,NA,NA,NA,NA,NA
2019-07-24T05:00:00Z,50,0.1,NA,NA,NA,NA,NA,NA,NA,NA,NA,0.706501672,NaN,486,9.3,NA,NA,NA,NA,NA,NA,NA,NA,NA,NA,NA,NA,0,1149
2019-07-24T05:00:00Z,50,5,NA,NA,NA,NA,NA,NA,NA,NA,NA,0.417128165,451.27066465,7.5,NA,NA,NA,NA,NA,NA,NA,NA,NA,NA,NA,NA,NA,NA,NA
2019-07-24T05:00:00Z,50,9,NA,NA,NA,NA,NA,NA,NA,NA,NA,10.81043906,552.1801607,807,19.5,NA,NA,NA,NA,NA,NA,NA,NA,NA,NA,NA,NA,NA,NA
2019-07-29T05:00:00Z,50,0.1,NA,NA,NA,NA,NA,NA,NA,NA,NA,0.6879932900000001,2.1588722034999996,504,9,17,0,9,5,3,8,0.2,26.212191666666666,8.226191666666667,5.8291,32.57,NA,0,1054
2019-07-29T05:00:00Z,50,5,0.555819597,0.57121347,0.447707783,0.406826817,0.690563737,2.835930913,0.306996855,2.015240367,0.92009733,0.1566971365,211.3400573,537,19.6,39,7,3,3.1,4.3,7.4,0.2,11.840612499999999,2.5296,2.4419,21.386,NA,NA,NA
2019-07-29T05:00:00Z,50,9,1.42773283,1.535162033,2.947399712,0.663052311,0.677720056,2.112082933,0.323007541,2.347231105,0.975708649,27.18315837,576.71136705,985.5,18.4,722,3,7,2.8,4.8,7.6,0.9,10.889271428571428,0.11614285714285714,3.7654428571428573,11.062222222222221,NA,NA,NA
2019-07-29T05:00:00Z,100,0.1,0.595306107,0.19768209,0.655721256,0.087708084,0.570857374,4.396735694,0.227142482,1.963918813,0.72902699,0.085304063,31.763759535,297,16.2,NA,NA,NA,1.2,3.5,4.7,0.2,NA,NA,NA,NA,0.008291417963149805,NA,NA
2019-07-29T05:00:00Z,200,0.1,0.950318416,0.674005943,0.633859714,0.191237198,0.556032262,4.892279831,0.335214706,1.981622172,0.700644793,1.263118341,74.57140959,385,22.1,28,61,9,2.5,5.2,7.8,0.1,NA,NA,NA,NA,NA,NA,NA
2019-08-01T05:00:00Z,50,0.1,NA,NA,NA,NA,NA,NA,NA,NA,NA,0.6770156095,3.1833538055,1050,7.4,NA,NA,NA,NA,NA,NA,NA,25.5466375,8.6709875,7.3753625,36.611666666666665,NA,16.002,1128
2019-08-01T05:00:00Z,50,5,NA,NA,NA,NA,NA,NA,NA,NA,NA,0.036445077,486.5934314,309,9.4,NA,NA,NA,NA,NA,NA,NA,12.048417647058823,3.1003,1.9470588235294117,22.532,NA,NA,NA
2019-08-01T05:00:00Z,50,9,NA,NA,NA,NA,NA,NA,NA,NA,NA,12.91369533,593.90126685,861,16.6,NA,NA,NA,NA,NA,NA,NA,10.886978571428571,0.09688571428571428,3.3325142857142858,9.361666666666666,NA,NA,NA
2019-08-05T05:00:00Z,50,0.1,0.606241093,0.658445144,0.236400954,0.459417097,0.642019356,2.38160588,0.361374625,2.255236658,0.991177807,0.78952695,3.1159387064999997,436.5,11.8,9,3,3,6.6,2.8,9.4,0.3,27.2690475,6.1388475,3.3546300000000002,19.925,NA,8.382,1180
2019-08-05T05:00:00Z,50,5,0.368620593,0.449011083,0.402504408,0.274975091,0.768164142,2.600626683,0.416914037,1.975050683,0.905476435,0.046260496,487.6561838,505.5,18.4,98,3,3,2,4.7,6.8,0.2,12.199392,1.750324,1.770164,18.751,NA,NA,NA
2019-08-05T05:00:00Z,50,9,NA,NA,NA,NA,NA,NA,NA,NA,NA,26.292571680000002,631.7109551,812,16.8,710,3,6,3.6,6.4,10,0.9,10.90080909090909,0.21340227272727272,2.366490909090909,8.432,NA,NA,NA
2019-08-05T05:00:00Z,100,0.1,0.55326073,0.394609007,0.089236831,0.126307215,0.525080594,6.716995831,1.394214286,1.837724621,0.649386583,0.046415681,30.45899082,368,10.7,5,62,11,2.4,3.1,5.5,0.1,NA,NA,NA,NA,0.007287546574217673,NA,NA
2019-08-05T05:00:00Z,200,0.1,NA,NA,NA,NA,0.551826809,5.466885073,0.336847239,1.953059894,0.70048156,1.762844063,99.932500385,283.5,33.8,32,23,14,3.1,5.4,8.6,0.2,NA,NA,NA,NA,NA,NA,NA
2019-08-08T05:00:00Z,50,0.1,NA,NA,NA,NA,NA,NA,NA,NA,NA,0.728373916,4.436052803,556.5,12.8,NA,NA,NA,NA,NA,NA,NA,25.688065217391305,7.889597826086956,3.028704347826087,18.483333333333334,NA,0,1101
2019-08-08T05:00:00Z,50,5,NA,NA,NA,NA,NA,NA,NA,NA,NA,0.829303321,314.65797535,289.5,10.2,NA,NA,NA,NA,NA,NA,NA,11.931116666666668,0.6581833333333333,1.6430166666666666,19.675714285714285,NA,NA,NA
2019-08-08T05:00:00Z,50,9,NA,NA,NA,NA,NA,NA,NA,NA,NA,0.087891322,566.270535,1017,28.8,NA,NA,NA,NA,NA,NA,NA,11.425154545454545,1.9611636363636364,1.0960181818181818,8.371666666666666,NA,NA,NA
2019-08-12T05:00:00Z,50,0.1,0.606152526,0.759931928,0.216008806,0.39544888500000003,0.631475786,2.944549401,1.200787485,2.185504726,0.926069918,0.455611313,3.1653210705,300,23.6,5,9,7,3.8,3.6,7.4,0.3,25.408905555555556,8.813311111111112,3.4715277777777778,22.64333333333333,NA,0,1000
2019-08-12T05:00:00Z,50,5,0.386995766,0.494636685,0.270276233,0.166320142,0.732449026,4.059717954,1.828612059,1.864406594,0.862966506,6.3645581555,563.632236,318,21.1,145,0,4,1.7,4.3,6.1,0.2,11.764746666666667,2.3991,1.69866,19.426666666666666,NA,NA,NA
2019-08-12T05:00:00Z,50,9,0.34006575,0.522692721,0.246968613,0.179734217,0.720086199,3.508660375,1.476274727,1.908695561,0.899391533,0.32670990349999995,429.7872483,366,19.1,360,4,3,1.6,5.1,6.7,0.5,11.66911153846154,2.449496153846154,0.9333807692307693,8.47,NA,NA,NA
2019-08-12T05:00:00Z,100,0.1,NA,NA,NA,NA,NA,NA,NA,NA,NA,0.032229231500000004,27.406407835,78,26.1,5,77,16,0.9,2.9,3.8,0.1,NA,NA,NA,NA,0.011553174355309927,NA,NA
2019-08-12T05:00:00Z,200,0.1,NA,NA,NA,NA,NA,NA,NA,NA,NA,2.933260995,133.30249179999998,147,38.9,30,67,9,1.7,4.2,5.9,0.1,NA,NA,NA,NA,NA,NA,NA
2019-08-14T05:00:00Z,50,0.1,0.612371875,0.720275823,0.312128899,0.411286423,0.656964493,2.654736849,0.928012674,2.404123691,1.027344615,0.6587353625000001,1.83015028,NA,NA,7,3,7,4.6,3.4,7.9,0.2,NA,NA,NA,25.16,NA,0,1109
2019-08-14T05:00:00Z,50,5,0.477024197,0.630486752,0.435950973,0.301583405,0.724125451,2.465925445,0.811726372,2.042636489,1.139171308,7.179082484,580.9990158,344,9.9,NA,NA,NA,1.7,4.9,6.5,0.4,NA,NA,NA,18.918809523809525,NA,NA,NA
2019-08-14T05:00:00Z,50,9,0.4121784245,0.645819296,0.33596358800000004,0.233053339,0.72019001,3.0239595789999996,0.7830201625,1.997184194,1.3817864645000002,0.0122563175,630.17279165,NA,NA,402,3,7,1.5,4.8,6.3,0.5,NA,NA,NA,7.613225806451613,NA,NA,NA
2019-08-15T05:00:00Z,50,0.1,NA,NA,NA,NA,NA,NA,NA,NA,NA,NA,NA,NA,NA,NA,NA,NA,NA,NA,NA,NA,26.831445833333337,8.520925,3.9842083333333336,25.952083333333334,NA,24.13,1089
2019-08-15T05:00:00Z,50,5,NA,NA,NA,NA,NA,NA,NA,NA,NA,NA,NA,NA,NA,NA,NA,NA,NA,NA,NA,NA,12.081175,2.6136749999999997,1.275075,21.23276595744681,NA,NA,NA
2019-08-15T05:00:00Z,50,9,NA,NA,NA,NA,NA,NA,NA,NA,NA,NA,NA,NA,NA,NA,NA,NA,NA,NA,NA,NA,11.8636375,2.4404375,0.969525,7.150923076923077,NA,NA,NA
2019-08-19T05:00:00Z,50,0.1,0.683432766,0.817870728,0.373320956,0.576290376,0.652346664,2.068232157,1.046307915,2.432031787,1.01849009,0.565991009,1.707970483,480,24.9,12,3,9,NA,NA,NA,NA,27.4586625,9.235275,3.05605,27.525,NA,0,981
2019-08-19T05:00:00Z,50,5,0.464186284,0.532091139,0.389124261,0.132412343,0.7442317,3.426009152,1.198958899,1.926445495,0.911279566,18.691341105,511.60865509999996,146,16.8,127,3,5,1.2,4.3,5.5,0.2,12.552990909090909,1.3022363636363636,1.6932090909090909,19.66375,NA,NA,NA
2019-08-19T05:00:00Z,50,9,0.358250731,0.557423478,0.317457073,0.17070383,0.733272597,3.41759995,1.131252609,1.947709403,0.906683451,0.065242214,594.0637637,521,30.9,422,7,4,1.6,4.8,6.4,0.5,11.98324375,2.47031875,0.8640375,5.923636363636364,NA,NA,NA
2019-08-19T05:00:00Z,100,0.1,0.562065726,0.385147957,0.292151349,0.093741665,0.555092886,5.406647824,1.24275396,1.967603809,0.740851718,0.09078576399999999,31.14023275,273,25.4,5,3,17,1.3,3.7,5.1,0.3,NA,NA,NA,NA,0.006919075716634503,NA,NA
2019-08-19T05:00:00Z,200,0.1,1.070144501,0.865702389,0.45608312,0.134536152,0.541721135,7.445639728,1.594367389,1.891000826,0.68602032,1.75695868,119.01867225,107,35.6,31,37,6,2.1,4.9,7,0.2,NA,NA,NA,NA,NA,NA,NA
2019-08-22T05:00:00Z,50,0.1,0.6264217304999999,0.7510988705,0.1966698765,0.522857076,0.6287393935000001,2.3231457205,1.0352713,2.355959205,0.998147702,0.5884016160000001,NaN,840.8,33.9,8,10,8,5,3.2,8.2,0.4,27.2971,9.38336,3.14294,29.17,NA,1.524,1123
2019-08-22T05:00:00Z,50,5,0.5438632775000001,0.601221207,0.7413502949999999,0.2530175215,0.733193184,2.6071161795,1.249893218,2.071890516,0.9031944599999999,10.016893928,546.4870374,567,35.5,196,6,3,1.7,4.1,5.8,0.3,12.33235,1.1925,1.3620375,20.37375,NA,NA,NA
2019-08-22T05:00:00Z,50,9,0.507514185,0.6277465289999999,0.6474970915,0.24164546,0.7080149769999999,3.0220868025,1.1591135929999998,2.0315971619999997,0.8790222795,4.067047968,717.4932245,735,54.5,551,7,7,1.7,5.7,7.5,0.7,11.730933333333333,0.09996666666666668,4.786833333333333,18.792857142857144,NA,NA,NA
2019-08-22T05:00:00Z,100,0.1,0.579037516,0.357400508,0.214727813,0.131327974,0.544269224,6.046316611,1.035000166,1.927175257,0.68884604,0.009366522,38.961496095,431.5,40,6,3,19,1.2,3.5,4.7,0.2,NA,NA,NA,NA,0.006334709600683839,NA,NA
2019-08-22T05:00:00Z,200,0.1,1.095235698,0.855245453,0.569221039,0.154826773,0.550652463,6.871207494,1.80986618,1.948547095,0.69381526,1.9548636005,100.62867789500001,223.5,55,24,32,4,1.2,3.9,5,0.1,NA,NA,NA,NA,NA,NA,NA
2019-08-28T05:00:00Z,50,0.1,0.703246941,0.834323089,0.255934874,0.588213963,0.649624501,2.168159665,1.031594267,2.262131632,0.95223743,0.126460512,13.56989604,579,21.7,10,3,9,4.2,3.5,7.7,0.3,NA,NA,NA,27.28,NA,0,1176
2019-08-28T05:00:00Z,50,5,0.500505061,0.62856084,0.504350141,0.300186947,0.754618387,2.795820235,1.177644612,2.032060207,0.960105114,14.671079540000001,515.0346857,399,35.4,181,3,7,1.6,4.6,6.2,0.3,12.35654,0.66132,1.1131533333333334,16.82,NA,NA,NA
2019-08-28T05:00:00Z,50,9,0.610244005,0.926655984,0.249153243,0.29907925,0.634136266,3.151479719,0.765744615,1.924530949,0.859043845,52.147601025,485.32242099999996,1609.5,56.6,1060,3,10,2.7,5.7,8.3,1.2,11.632964285714285,0.050614285714285716,2.6815785714285716,11.504285714285714,NA,NA,NA
2019-08-28T05:00:00Z,100,0.1,NA,NA,NA,NA,NA,NA,NA,NA,NA,0.0286367225,24.784480485,219,25.1,6,3,18,1.2,3.5,4.7,0.2,NA,NA,NA,NA,0.007149213170640024,NA,NA
2019-09-02T05:00:00Z,50,0.1,0.722524011,0.783668338,0.279947772,0.824930554,0.669084711,1.730495917,0.498155389,2.268739232,1.023608046,0.3157850335,21.7435808,651,26.5,20,3,7,4.8,3.7,8.5,0.4,24.40887777777778,4.6059222222222225,1.2513777777777777,14.068571428571428,NA,0,945
2019-09-02T05:00:00Z,50,5,0.520470959,0.657608143,0.204939085,0.415451165,0.709443363,2.162842746,0.298010013,1.956545339,1.018709662,28.7663601,561.520734,552,38.3,318,4,4,2.6,4,6.7,0.4,12.666428571428572,0.14562857142857144,1.6402,20.54611111111111,NA,NA,NA
2019-09-02T05:00:00Z,50,9,NA,NA,NA,NA,NA,NA,NA,NA,NA,120.5333929,456.76312475,2209.5,63.2,1650,3,10,4.3,6,10.3,1.9,11.64166,0.0706,2.77846,12.923333333333334,NA,NA,NA
2019-09-02T05:00:00Z,100,0.1,0.523955183,0.298501581,0.284668665,0.138630706,0.538985156,5.149790875,1.098307801,1.937585734,0.683632376,0.026142468,31.64838413,126,21.6,3,3,19,1.2,3.7,4.9,0.3,NA,NA,NA,NA,0.0069293257408136275,NA,NA
2019-09-02T05:00:00Z,200,0.1,0.899844922,0.822675304,0.241792883,0.390427624,0.595377399,3.665599606,0.437100877,1.958498558,0.841713386,NA,NA,228,35.5,22,35,11,1.5,5.3,6.8,0.1,NA,NA,NA,NA,NA,NA,NA
2019-09-11T05:00:00Z,50,0.1,0.563041747,0.81601907,0.050492556,0.401135507,0.692880956,2.849276476,1.121481131,2.154187783,1.007621704,0.4185248065,9.528071122499998,559.5,22.7,8,0,7,5.2,3.4,8.6,0.3,24.54820769230769,8.068407692307693,1.3846423076923078,19.8775,NA,3.302,882
2019-09-11T05:00:00Z,50,5,0.380011381,0.494864133,0.494083976,0.299482355,0.728018727,2.337183182,1.23288229,1.979628163,0.922254875,17.6507872,719.6716621,675,34.7,591,3,4,1.4,5,6.4,0.6,12.503266666666667,0.4011888888888889,1.2164555555555556,21.174347826086958,NA,NA,NA
2019-09-11T05:00:00Z,50,9,0.298866166,0.493741218,0.111700807,0.200511673,0.768525607,3.321462368,1.215338736,1.828609168,0.914638677,0.029640237,679.4654019,862.5,33.2,686,3,2,1.2,5.7,6.8,0.7,12.2911625,0.572025,1.143575,5.21076923076923,NA,NA,NA
2019-09-11T05:00:00Z,100,0.1,NA,NA,NA,NA,NA,NA,NA,NA,NA,0.029456602499999998,39.55567498,223.5,28.1,0,3,24,1.1,3.9,4.9,0.2,NA,NA,NA,NA,0.006613272556320701,NA,NA
2019-09-20T05:00:00Z,50,0.1,0.712047082,0.8505164700000001,0.3849892925,0.7449838934999999,0.7378940285,1.989504321,0.8138321035,2.318657956,1.058269185,0.8465831135,51.343925694999996,583.5,25.1,39,27,8,4.5,4,8.4,0.5,22.180606666666666,4.685233333333334,2.3669933333333333,17.66,NA,0,853
2019-09-20T05:00:00Z,50,5,NA,NA,NA,NA,NA,NA,NA,NA,NA,59.166716675,580.4580505,852,63.7,484,3,4,3.4,4.3,7.7,0.6,12.61112,1.0864525,1.6758625,31.144545454545455,NA,NA,NA
2019-09-20T05:00:00Z,50,9,0.31937739649999997,0.4492071555,0.1739538085,0.214587052,0.8013367985,2.892322375,0.594486116,1.8284304455,0.925419888,0.025264035,746.8001836,1114.5,39.8,883,3,3,1.2,5.8,6.9,0.9,12.5648875,1.1334125,0.7889875,2.824,NA,NA,NA
2019-09-20T05:00:00Z,100,0.1,0.496999651,0.478661644,0.38746458,0.142750364,0.564168296,3.889673021,1.253081643,2.263668961,0.788900424,0.020091218,29.913132160000004,183,28.2,5,124,20,1,3.6,4.6,0.2,NA,NA,NA,NA,0.006336309655743695,NA,NA
2019-09-27T05:00:00Z,50,0.1,0.6355274449999999,0.936295612,0.253959883,0.7254723384999999,0.7414621594999999,1.673088125,1.236237546,2.356192853,1.248320424,0.266816412,48.079559175,604.5,20.2,16,8,8,5,3.8,8.7,0.4,22.22167272727273,5.854254545454546,2.2353,26.0875,NA,0,944
2019-09-27T05:00:00Z,50,5,0.577756409,0.6080313245,1.1650857465,0.376173526,0.7175892065,2.0012132525,0.9080628315,2.218355634,1.022802577,43.76372203,686.73231065,875,67.4,749,8,12,2.2,4.7,6.9,0.8,12.891711764705882,1.111464705882353,0.6343352941176471,26.243125,NA,NA,NA
2019-09-27T05:00:00Z,50,9,0.403684192,0.477232887,0.46907139649999996,0.2680501075,0.82297559,2.2528742345,0.737204865,1.992944929,0.9852462215,0.5717476115,708.5111808,1099.5,33.2,923,3,4,1.6,5.9,7.4,0.9,12.78164375,1.3794625,0.32596875,0.9375,NA,NA,NA
2019-09-27T05:00:00Z,100,0.1,NA,NA,NA,NA,NA,NA,NA,NA,NA,0.0149709025,44.860959595,107,22.1,11,3,19,1.1,4.1,5.2,0.2,NA,NA,NA,NA,0.005970606439485039,NA,NA
2019-10-02T05:00:00Z,50,0.1,NA,NA,NA,NA,NA,NA,NA,NA,NA,NA,NA,NA,NA,NA,NA,NA,NA,NA,NA,NA,24.45317,7.57242,1.589795,NA,NA,0,910
2019-10-02T05:00:00Z,50,5,NA,NA,NA,NA,NA,NA,NA,NA,NA,NA,NA,NA,NA,NA,NA,NA,NA,NA,NA,NA,13.011354545454546,1.6457818181818182,0.44283636363636364,NA,NA,NA,NA
2019-10-02T05:00:00Z,50,9,NA,NA,NA,NA,NA,NA,NA,NA,NA,NA,NA,NA,NA,NA,NA,NA,NA,NA,NA,NA,12.950333333333333,1.59515,0.20579999999999998,NA,NA,NA,NA
2019-10-04T05:00:00Z,50,0.1,0.686398916,0.67939738,0.650431497,0.863541712,0.73925309,1.474223989,1.079081021,2.406714155,1.065046723,NA,NA,812.5,29.9,7,6,8,6.5,3.6,10.1,0.5,24.050258793290045,6.5592912878787875,1.6795716720779221,9.88,NA,0,795.8
2019-10-04T05:00:00Z,50,5,0.6118290165,0.6270616305,0.9952976739999999,0.40077946200000003,0.7117450350000001,2.2253491045,0.992613059,2.1030668525,0.9316223800000001,NA,NA,1354.5,93.8,820,3,4,1.9,5.5,7.4,0.9,13.105213888888889,1.652,0.34926666666666667,35.984117647058824,NA,NA,NA
2019-10-04T05:00:00Z,50,9,0.2839722445,0.4625447695,0.0881684735,0.1946620255,0.798568165,3.2309487395,1.2954346375,1.7880080165,0.9073930785,NA,NA,1384.5,30.8,1090,5,3,2.7,5.2,8,1.2,12.9877375,1.6760375,0.24403125,8.066923076923077,NA,NA,NA
2019-10-04T05:00:00Z,100,0.1,0.661752935,0.390707773,0.257499119,0.458645206,0.55417955,2.43370306,1.169065047,2.022677144,0.731811407,NA,NA,79,23.9,4,64,18,3.2,2.6,4.9,0,NA,NA,NA,NA,0.005423320174686602,NA,NA
2019-10-04T05:00:00Z,200,0.1,1.191542205,1.144101164,0.89706952,0.167285261,0.580581118,6.157339103,1.33273264,2.056217649,0.740715483,NA,NA,94.5,47.8,27,26,7,1.6,5.3,6.9,0.2,NA,NA,NA,NA,NA,NA,NA
2019-10-11T05:00:00Z,50,0.1,NA,NA,NA,NA,NA,NA,NA,NA,NA,0.061983271,41.372935235,834,27.8,13,7,9,5.1,4,9.1,0.4,19.418363513513512,5.093768018018018,2.337231756756757,44.21333333333333,NA,0,790.2
2019-10-11T05:00:00Z,50,5,NA,NA,NA,NA,NA,NA,NA,NA,NA,63.97355362500001,636.6473425500001,1069.5,64.7,578,4,5,2.7,4.8,7.5,0.7,13.373623529411764,1.3763941176470589,0.6993705882352941,27.15909090909091,NA,NA,NA
2019-10-11T05:00:00Z,50,9,NA,NA,NA,NA,NA,NA,NA,NA,NA,0.029531608,847.6397466,1279.5,29.3,1150,3,0,1.1,6.3,7.4,1.3,13.199284615384615,1.9275153846153847,0.22838461538461538,1.2935294117647058,NA,NA,NA
2019-10-11T05:00:00Z,100,0.1,NA,NA,NA,NA,NA,NA,NA,NA,NA,0.035454482999999995,26.68257975,126,18.5,8,23,15,1.1,4.1,5.3,0.1,NA,NA,NA,NA,0.0064364454113650495,NA,NA
2019-10-16T05:00:00Z,50,0.1,0.540655697,0.727793859,0.491742774,0.643527465,0.748784895,1.633085629,1.119446059,2.182179917,1.054172945,0.15837352999999998,67.480316285,891,27.5,27,21,5,4.3,3.7,8,0.5,NA,NA,NA,37.195,NA,20.066,727.9
2019-10-16T05:00:00Z,50,5,0.65520649,0.854814768,0.612531412,0.682049863,0.761964973,1.731476541,0.919944789,2.339370483,1.117283335,22.57514277,625.10980855,947,21.3,26,3,5,4,4,8,0.4,NA,NA,NA,17.608333333333334,NA,NA,NA
2019-10-16T05:00:00Z,50,9,0.275203656,0.429716618,0.465738223,0.281010958,0.841556147,2.211058266,1.256196245,1.999191828,1.030607793,0.0459889235,886.57518125,1217,24.3,1140,7,0,1.3,6.3,7.7,1.1,NA,NA,NA,4.545714285714285,NA,NA,NA
2019-10-16T05:00:00Z,100,0.1,NA,NA,NA,NA,NA,NA,NA,NA,NA,0.020150706,35.90660503,419,45.9,5,3,17,4.4,3.7,8.1,0.1,NA,NA,NA,NA,0.010448660625178735,NA,NA
2019-10-22T05:00:00Z,50,0.1,NA,NA,NA,NA,NA,NA,NA,NA,NA,NA,NA,NA,NA,NA,NA,NA,NA,NA,NA,NA,15.063556756756757,6.3025918918918915,2.466387837837838,43.58555555555556,NA,12.7,780.9
2019-10-22T05:00:00Z,50,5,NA,NA,NA,NA,NA,NA,NA,NA,NA,NA,NA,NA,NA,NA,NA,NA,NA,NA,NA,NA,14.4901,4.775144444444445,1.0635777777777777,12.659032258064515,NA,NA,NA
2019-10-22T05:00:00Z,50,9,NA,NA,NA,NA,NA,NA,NA,NA,NA,NA,NA,NA,NA,NA,NA,NA,NA,NA,NA,NA,13.591242105263158,3.082884210526316,0.4657421052631579,3.8724,NA,NA,NA
2019-10-23T05:00:00Z,50,0.1,0.580562119,0.794682647,0.258452936,0.533059483,0.731002595,2.07181327,0.948069554,2.107231163,1.125201348,0.0673604135,78.597952905,736.5,26.2,70,7,0,4,4.3,8.3,0.3,14.496135,5.840555,2.25621,NA,NA,0.254,747.4
2019-10-23T05:00:00Z,50,5,0.58803221,0.70892914,0.285993728,0.443885687,0.730241231,2.4985532,1.057599059,2.028808903,0.984974783,0.058980451,84.58338741,669,27.2,NA,NA,NA,4.1,4,8.2,0.4,14.104015789473685,4.924789473684211,2.8930473684210525,NA,NA,NA,NA
2019-10-23T05:00:00Z,50,9,0.353478102,0.517681163,0.330857191,0.2790373,0.795712881,2.422637892,1.163554271,1.881813783,0.924798356,0.021668927499999997,725.67299915,1294.5,22.4,1170,3,4,1.8,6.1,7.8,1.2,13.622453846153846,3.1748692307692306,0.41914615384615383,NA,NA,NA,NA
2019-10-23T05:00:00Z,100,0.1,NA,NA,NA,NA,NA,NA,NA,NA,NA,0.013617439,29.69640441,94.5,19.6,6,3,15,1.6,3.5,5.1,0.1,NA,NA,NA,NA,0.008578301102603646,NA,NA
2019-10-25T05:00:00Z,50,0.1,NA,NA,NA,NA,NA,NA,NA,NA,NA,NA,NA,NA,NA,47,3,4,5.4,3.4,8.8,0.3,14.271948394241416,6.365053543743079,3.4585570321151717,39.974999999999994,NA,6.35,888
2019-10-25T05:00:00Z,50,5,NA,NA,NA,NA,NA,NA,NA,NA,NA,0.013255342,391.58936055000004,NA,NA,170,8,0,4,4.5,8.5,0.5,13.731202666666666,4.514552666666667,1.3301873333333334,29.78107142857143,NA,NA,NA
2019-10-25T05:00:00Z,50,9,NA,NA,NA,NA,NA,NA,NA,NA,NA,0.0166952645,639.03373255,NA,NA,654,7,4,2.9,5.3,8.2,0.8,13.702305263157895,4.284368421052632,0.7740315789473684,9.689333333333334,NA,NA,NA
2019-10-28T05:00:00Z,50,0.1,NA,NA,NA,NA,NA,NA,NA,NA,NA,0.264532652,185.31971105,NA,NA,13,8,2,4,0.1,4.2,0.2,15.527333333333333,6.024416666666667,4.341216666666667,NA,NA,0,746.1
2019-10-28T05:00:00Z,50,5,NA,NA,NA,NA,NA,NA,NA,NA,NA,0.033408634,407.09516805,NA,NA,210,3,3,3.1,2.1,5.2,0.4,13.75085,4.556041666666666,0.7208,7.53,NA,NA,NA
2019-10-28T05:00:00Z,50,9,NA,NA,NA,NA,NA,NA,NA,NA,NA,0.0253649045,567.1253616500001,NA,NA,566,7,4,2.4,4.8,7.2,0.7,13.73385,4.43188125,0.6775125,5.901,NA,NA,NA
2019-10-30T05:00:00Z,50,0.1,0.646331962,0.555743479,1.240320121,0.935756871,0.751032053,1.491250702,0.917162413,2.198193263,1.093379175,0.245894995,256.92843845,1244,41.9,4,5,11,7,3.9,10.9,0.7,15.3343,7.69442,3.95036,68.54499999999999,NA,8.89,145.3
2019-10-30T05:00:00Z,50,5,0.493424306,0.738797749,0.638401209,0.376545178,0.761111427,2.306305405,0.999052311,2.045578486,1.00596109,0.042194662,346.6312872,743,20.4,318,9,8,2.6,4.7,7.3,0.5,13.764570588235294,4.614182352941176,0.7684764705882353,5.8375,NA,NA,NA
2019-10-30T05:00:00Z,50,9,0.383275479,0.66337244,0.262068312,0.266519185,0.857586521,2.677560523,0.998509512,1.928864435,1.042835846,0.0421067245,544.10820995,837,22.7,535,3,4,3.4,3.8,7.1,0.7,13.749970588235294,4.62015294117647,0.5808058823529412,4.633125,NA,NA,NA
2019-10-30T05:00:00Z,100,0.1,NA,NA,NA,NA,NA,NA,NA,NA,NA,0.016265920500000003,81.41493137,158,30.8,12,7,19,2.2,4,6.2,0.1,NA,NA,NA,NA,0.009861239315801077,NA,NA
2019-10-30T05:00:00Z,200,0.1,NA,NA,NA,NA,NA,NA,NA,NA,NA,NA,NA,137,41.9,24,3,4,2.9,4.1,7,0.1,NA,NA,NA,NA,NA,NA,NA
2019-11-04T05:00:00Z,50,0.1,NA,NA,NA,NA,NA,NA,NA,NA,NA,NA,NA,NA,NA,NA,NA,NA,NA,NA,NA,NA,NA,NA,NA,27.92,NA,0,716.1
2019-11-04T05:00:00Z,50,5,NA,NA,NA,NA,NA,NA,NA,NA,NA,NA,NA,NA,NA,NA,NA,NA,NA,NA,NA,NA,12.57788888888889,5.9315,2.503922222222222,30.1056,NA,NA,NA
2019-11-04T05:00:00Z,50,9,NA,NA,NA,NA,NA,NA,NA,NA,NA,NA,NA,NA,NA,NA,NA,NA,NA,NA,NA,NA,12.568711111111112,5.95,2.6336999999999997,29.4935,NA,NA,NA
2019-11-08T05:00:00Z,50,0.1,0.583457875,0.763879217,0.296487839,0.507767762,0.726362185,2.291813654,1.008723207,1.929739339,0.946778655,0.154387875,71.43014171499999,549,33.5,78,21,4,3.8,4.3,8.1,0.35,11.655725,6.5243722222222225,2.4849277777777776,1.6566666666666667,NA,0,688.5
2019-11-08T05:00:00Z,50,5,0.613662616,0.776349167,0.282923195,0.493784732,0.731865267,2.191741739,1.042579754,2.057231368,0.952832917,0.1300135645,63.285883375,560,33.3,60,3,5,4.6,4.1,8.7,0.4,11.681537500000001,6.54620625,2.97219375,37.818888888888885,NA,NA,NA
2019-11-08T05:00:00Z,50,9,0.614547504,0.792907906,0.387924717,0.488419553,0.733655143,2.505924043,1.005589778,2.033504652,0.944812422,0.1443215745,84.37932008,546,39.5,54,3,9,4.7,4.2,8.9,0.4,11.68278125,6.5647375,3.328825,37.32214285714286,NA,NA,NA
2019-11-08T05:00:00Z,100,0.1,0.460175052,0.351663605,0.242595999,0.086528659,0.522086091,5.407493951,1.275016394,1.850048192,0.658610855,0.0133743165,31.52842846,111,17.4,4,3,14,1.4,3.6,5,0.1,NA,NA,NA,NA,0.007989708860158424,NA,NA
2019-11-20T05:00:00Z,50,0.1,0.573100653,0.757159417,0.284740823,0.424976157,0.727919128,2.58010442,1.098568286,2.033119463,0.943094611,0.1581666175,23.32492737,710,27.9,7,3,8,4.1,4.1,8.1,0.3,8.131499999999999,7.10255,1.80255,28.555,NA,0,802
2019-11-20T05:00:00Z,50,5,0.592369463,0.778665952,0.459617658,0.368354548,0.721141115,2.576127633,1.065603413,2.093201633,0.941133722,0.1749472335,21.215244745,533,32.3,9,4,7,3.6,4.1,7.6,0.2,7.388083333333333,8.228383333333333,3.4524333333333335,42.8965,NA,NA,NA
2019-11-20T05:00:00Z,50,9,0.623829545,0.735053047,0.376022525,0.463728554,0.728894548,2.425318086,1.054811817,2.054790088,0.949689231,0.187962039,33.340731725,534,32.9,2,3,12,5.7,4.1,9.7,0.6,7.38098,8.24166,3.85044,41.456923076923076,NA,NA,NA
2019-11-20T05:00:00Z,100,0.1,NA,NA,NA,NA,NA,NA,NA,NA,NA,0.016340927,30.369537195,137,18.2,8,3,18,1.4,3.9,5.3,0.1,NA,NA,NA,NA,0.007837104891725857,NA,NA
2019-12-06T05:00:00Z,50,0.1,NA,NA,NA,NA,NA,NA,NA,NA,NA,NA,NA,NA,NA,NA,NA,NA,NA,NA,NA,NA,6.079161612903226,7.125093870967742,2.1859448387096774,NA,NA,0,258.8
2019-12-06T05:00:00Z,50,5,NA,NA,NA,NA,NA,NA,NA,NA,NA,NA,NA,NA,NA,NA,NA,NA,NA,NA,NA,NA,5.495008,7.89562,3.673804,37.511428571428574,NA,NA,NA
2019-12-06T05:00:00Z,50,9,NA,NA,NA,NA,NA,NA,NA,NA,NA,NA,NA,NA,NA,NA,NA,NA,NA,NA,NA,NA,5.491371428571428,7.900885714285714,4.382809523809524,37.5475,NA,NA,NA
